year,month,month_name,week,district,current_price,previous_week_price,previous_month_price,previous_year_price,change_previous_week,change_previous_month,change_previous_year
2026,1,January,1,Ariyalur,2926.83,2850.71,2500.25,4474.46,0.027,0.171,-0.346
2026,1,January,1,Chengalpattu,3479.57,3588.67,3067.72,4796.14,-0.03,0.134,-0.274
2026,1,January,1,Coimbatore,3056.98,3282.06,2623.86,4350.78,-0.069,0.165,-0.297
2026,1,January,1,Cuddalore,3098.2,3349.44,2876.87,4790.7,-0.075,0.077,-0.353
2026,1,January,1,Dharmapuri,3441.92,3517.57,2894.64,4919.71,-0.021,0.189,-0.3
2026,1,January,1,Dindigul,3681.75,3873.75,3205.69,5296.6,-0.05,0.148,-0.305
2026,1,January,1,Erode,3717.8,3710.32,2881.9,4928.69,0.002,0.29,-0.246
2026,1,January,1,Kallakuruchi,4000.0,4172.88,3530.0,5502.46,-0.041,0.133,-0.273
2026,1,January,1,Kancheepuram,3113.44,3084.66,2806.0,4428.66,0.009,0.11,-0.297
2026,1,January,1,Karur,3703.5,3784.54,3104.39,5000.0,-0.021,0.193,-0.259
2026,1,January,1,Krishnagiri,3237.42,3439.15,2692.64,4745.67,-0.059,0.202,-0.318
2026,1,January,1,Madurai,3918.57,3951.74,3345.37,5405.23,-0.008,0.171,-0.275
2026,1,January,1,Nagapattinam,2782.12,2717.42,2720.69,3961.15,0.024,0.023,-0.298
2026,1,January,1,Nagercoil (Kannyiakumari),4290.23,4437.46,3789.09,5507.25,-0.033,0.132,-0.221
2026,1,January,1,Namakkal,3424.26,3472.47,3052.46,5253.57,-0.014,0.122,-0.348
2026,1,January,1,Perambalur,3917.69,3963.17,3623.02,5200.0,-0.011,0.081,-0.247
2026,1,January,1,Pudukkottai,3851.69,3958.57,3365.22,5381.36,-0.027,0.145,-0.284
2026,1,January,1,Ramanathapuram,3852.82,3679.94,3431.25,5105.81,0.047,0.123,-0.245
2026,1,January,1,Ranipet,3287.47,3508.62,2678.1,4752.15,-0.063,0.228,-0.308
2026,1,January,1,Salem,3882.37,4220.95,3455.11,5893.9,-0.08,0.124,-0.341
2026,1,January,1,Sivaganga,4107.49,4131.98,3309.27,5505.83,-0.006,0.241,-0.254
2026,1,January,1,Tenkasi,3601.02,3619.82,3063.38,4595.47,-0.005,0.176,-0.216
2026,1,January,1,Thanjavur,3676.72,3643.7,3299.06,4759.12,0.009,0.114,-0.227
2026,1,January,1,The Nilgiris,3737.25,4093.2,3219.17,4834.55,-0.087,0.161,-0.227
2026,1,January,1,Theni,3415.97,3657.61,2913.57,4463.79,-0.066,0.172,-0.235
2026,1,January,1,Thiruchirappalli,3766.08,3790.51,3542.67,5807.32,-0.006,0.063,-0.351
2026,1,January,1,Thirunelveli,3435.29,3428.62,2791.53,4465.59,0.002,0.231,-0.231
2026,1,January,1,Thirupathur,2892.44,3149.5,2694.22,5429.25,-0.082,0.074,-0.467
2026,1,January,1,Thirupur,2821.39,2951.55,2553.7,4438.16,-0.044,0.105,-0.364
2026,1,January,1,Thiruvannamalai,3046.71,3105.83,2592.65,4637.19,-0.019,0.175,-0.343
2026,1,January,1,Thiruvarur,3703.46,4015.71,3453.5,5610.33,-0.078,0.072,-0.34
2026,1,January,1,Thiruvellore,3153.33,3601.17,3062.35,4354.46,-0.124,0.03,-0.276
2026,1,January,1,Tuticorin,3898.2,4206.14,3217.19,5077.74,-0.073,0.212,-0.232
2026,1,January,1,Vellore,3058.98,3294.67,2733.79,4614.24,-0.072,0.119,-0.337
2026,1,January,1,Villupuram,3721.22,3554.18,2853.96,4964.7,0.047,0.304,-0.251
2026,1,January,1,Virudhunagar,3710.13,3749.06,3068.21,4534.74,-0.01,0.209,-0.182
2026,1,January,2,Ariyalur,2828.46,2926.83,2575.26,4483.83,-0.034,0.098,-0.369
2026,1,January,2,Chengalpattu,3476.57,3479.57,2961.07,4725.23,-0.001,0.174,-0.264
2026,1,January,2,Coimbatore,2640.77,3056.98,2889.73,4232.29,-0.136,-0.086,-0.376
2026,1,January,2,Cuddalore,3079.39,3098.2,2875.57,5048.96,-0.006,0.071,-0.39
2026,1,January,2,Dharmapuri,3209.46,3441.92,3282.97,4475.08,-0.068,-0.022,-0.283
2026,1,January,2,Dindigul,3547.69,3681.75,3434.29,5223.08,-0.036,0.033,-0.321
2026,1,January,2,Erode,3486.43,3717.8,2873.78,4882.88,-0.062,0.213,-0.286
2026,1,January,2,Kallakuruchi,4000.0,4000.0,3312.65,5000.0,,0.208,-0.2
2026,1,January,2,Kancheepuram,3159.24,3113.44,2516.74,4299.03,0.015,0.255,-0.265
2026,1,January,2,Karur,3538.16,3703.5,3184.56,5000.0,-0.045,0.111,-0.292
2026,1,January,2,Krishnagiri,3106.7,3237.42,3079.47,4403.01,-0.04,0.009,-0.294
2026,1,January,2,Madurai,3670.53,3918.57,3414.42,5201.37,-0.063,0.075,-0.294
2026,1,January,2,Nagapattinam,2745.72,2782.12,2635.76,3747.24,-0.013,0.042,-0.267
2026,1,January,2,Nagercoil (Kannyiakumari),4277.33,4290.23,3826.81,5500.0,-0.003,0.118,-0.222
2026,1,January,2,Namakkal,3318.08,3424.26,3128.21,5017.19,-0.031,0.061,-0.339
2026,1,January,2,Perambalur,3589.58,3917.69,3691.53,5167.31,-0.084,-0.028,-0.305
2026,1,January,2,Pudukkottai,3940.79,3851.69,3621.46,5553.82,0.023,0.088,-0.29
2026,1,January,2,Ramanathapuram,3649.52,3852.82,3236.81,5084.91,-0.053,0.128,-0.282
2026,1,January,2,Ranipet,3046.7,3287.47,2715.54,4760.06,-0.073,0.122,-0.36
2026,1,January,2,Salem,3790.71,3882.37,3491.56,5700.28,-0.024,0.086,-0.335
2026,1,January,2,Sivaganga,3950.18,4107.49,3335.7,5439.59,-0.038,0.184,-0.274
2026,1,January,2,Tenkasi,3623.2,3601.02,3119.42,4684.78,0.006,0.161,-0.227
2026,1,January,2,Thanjavur,3687.33,3676.72,3350.63,4863.06,0.003,0.101,-0.242
2026,1,January,2,The Nilgiris,3463.82,3737.25,3309.86,5226.52,-0.073,0.047,-0.337
2026,1,January,2,Theni,3126.5,3415.97,3071.91,4346.43,-0.085,0.018,-0.281
2026,1,January,2,Thiruchirappalli,3467.84,3766.08,3421.4,5515.07,-0.079,0.014,-0.371
2026,1,January,2,Thirunelveli,3198.51,3435.29,2968.35,4131.59,-0.069,0.078,-0.226
2026,1,January,2,Thirupathur,3003.7,2892.44,2808.96,5382.86,0.039,0.069,-0.442
2026,1,January,2,Thirupur,2818.81,2821.39,2531.29,4294.43,-0.001,0.114,-0.344
2026,1,January,2,Thiruvannamalai,3068.84,3046.71,2777.22,4594.89,0.007,0.105,-0.332
2026,1,January,2,Thiruvarur,3360.99,3703.46,3515.75,5794.04,-0.092,-0.044,-0.42
2026,1,January,2,Thiruvellore,3000.0,3153.33,3000.0,4669.48,-0.049,,-0.358
2026,1,January,2,Tuticorin,3515.0,3898.2,3348.6,4946.55,-0.098,0.05,-0.289
2026,1,January,2,Vellore,3078.66,3058.98,2875.51,4508.55,0.006,0.071,-0.317
2026,1,January,2,Villupuram,3166.73,3721.22,2805.12,4980.86,-0.149,0.129,-0.364
2026,1,January,2,Virudhunagar,3362.87,3710.13,3209.58,4564.09,-0.094,0.048,-0.263
2026,1,January,3,Ariyalur,2766.89,2828.46,2805.45,4728.87,-0.022,-0.014,-0.415
2026,1,January,3,Chengalpattu,3499.1,3476.57,3523.99,4663.92,0.007,-0.007,-0.25
2026,1,January,3,Coimbatore,2591.77,2640.77,3564.64,4315.67,-0.019,-0.273,-0.4
2026,1,January,3,Cuddalore,2950.21,3079.39,3359.06,4460.0,-0.042,-0.122,-0.339
2026,1,January,3,Dharmapuri,2975.43,3209.46,4022.14,4486.33,-0.073,-0.26,-0.337
2026,1,January,3,Dindigul,3335.92,3547.69,3735.99,4990.1,-0.06,-0.107,-0.331
2026,1,January,3,Erode,3428.9,3486.43,3327.56,4623.0,-0.016,0.03,-0.258
2026,1,January,3,Kallakuruchi,4000.0,4000.0,4029.41,5000.0,,-0.007,-0.2
2026,1,January,3,Kancheepuram,3236.12,3159.24,2808.99,4492.15,0.024,0.152,-0.28
2026,1,January,3,Karur,3460.9,3538.16,3899.05,5168.1,-0.022,-0.112,-0.33
2026,1,January,3,Krishnagiri,3055.39,3106.7,3622.39,4361.7,-0.016,-0.157,-0.299
2026,1,January,3,Madurai,3730.06,3670.53,3900.16,5256.95,0.016,-0.044,-0.291
2026,1,January,3,Nagapattinam,2740.51,2745.72,2780.16,4058.14,-0.002,-0.014,-0.325
2026,1,January,3,Nagercoil (Kannyiakumari),3979.39,4277.33,4483.83,5074.16,-0.07,-0.112,-0.216
2026,1,January,3,Namakkal,3389.87,3318.08,3629.68,4709.11,0.022,-0.066,-0.28
2026,1,January,3,Perambalur,3519.6,3589.58,4050.0,5355.81,-0.019,-0.131,-0.343
2026,1,January,3,Pudukkottai,3755.07,3940.79,3884.89,5727.42,-0.047,-0.033,-0.344
2026,1,January,3,Ramanathapuram,3492.89,3649.52,3532.83,5472.69,-0.043,-0.011,-0.362
2026,1,January,3,Ranipet,3003.64,3046.7,3478.32,4365.5,-0.014,-0.137,-0.312
2026,1,January,3,Salem,3545.2,3790.71,4098.66,5322.1,-0.065,-0.135,-0.334
2026,1,January,3,Sivaganga,4008.74,3950.18,3942.57,5443.78,0.015,0.017,-0.264
2026,1,January,3,Tenkasi,3728.85,3623.2,3527.65,4624.24,0.029,0.057,-0.194
2026,1,January,3,Thanjavur,3631.07,3687.33,3505.05,4779.04,-0.015,0.036,-0.24
2026,1,January,3,The Nilgiris,3203.18,3463.82,4192.68,4786.43,-0.075,-0.236,-0.331
2026,1,January,3,Theni,3223.98,3126.5,3601.51,4323.04,0.031,-0.105,-0.254
2026,1,January,3,Thiruchirappalli,3261.74,3467.84,3926.78,5225.39,-0.059,-0.169,-0.376
2026,1,January,3,Thirunelveli,3030.86,3198.51,3727.8,4364.55,-0.052,-0.187,-0.306
2026,1,January,3,Thirupathur,2750.0,3003.7,3412.76,4566.33,-0.084,-0.194,-0.398
2026,1,January,3,Thirupur,2747.08,2818.81,2822.61,4341.14,-0.025,-0.027,-0.367
2026,1,January,3,Thiruvannamalai,2873.08,3068.84,3471.63,4423.38,-0.064,-0.172,-0.35
2026,1,January,3,Thiruvarur,3545.06,3360.99,4021.07,5894.55,0.055,-0.118,-0.399
2026,1,January,3,Thiruvellore,3041.82,3000.0,3394.64,4838.1,0.014,-0.104,-0.371
2026,1,January,3,Tuticorin,3813.52,3515.0,4047.74,4904.15,0.085,-0.058,-0.222
2026,1,January,3,Vellore,2987.0,3078.66,3544.0,4387.73,-0.03,-0.157,-0.319
2026,1,January,3,Villupuram,3149.89,3166.73,3462.8,4514.04,-0.005,-0.09,-0.302
2026,1,January,3,Virudhunagar,3279.29,3362.87,3561.55,4762.88,-0.025,-0.079,-0.311
2026,1,January,4,Ariyalur,2504.48,2766.89,2850.71,5267.68,-0.095,-0.122,-0.525
2026,1,January,4,Chengalpattu,3496.45,3499.1,3588.67,4585.28,-0.001,-0.026,-0.238
2026,1,January,4,Coimbatore,2598.3,2591.77,3282.06,4274.21,0.002,-0.208,-0.392
2026,1,January,4,Cuddalore,2844.43,2950.21,3349.44,4615.2,-0.036,-0.151,-0.384
2026,1,January,4,Dharmapuri,2902.8,2975.43,3517.57,4699.61,-0.024,-0.175,-0.382
2026,1,January,4,Dindigul,2854.76,3335.92,3873.75,4819.0,-0.144,-0.263,-0.408
2026,1,January,4,Erode,3351.13,3428.9,3710.32,4621.32,-0.023,-0.097,-0.275
2026,1,January,4,Kallakuruchi,3679.65,4000.0,4172.88,5000.0,-0.08,-0.118,-0.264
2026,1,January,4,Kancheepuram,2867.24,3236.12,3084.66,4247.65,-0.114,-0.07,-0.325
2026,1,January,4,Karur,3486.37,3460.9,3784.54,5000.0,0.007,-0.079,-0.303
2026,1,January,4,Krishnagiri,2971.3,3055.39,3439.15,4325.36,-0.028,-0.136,-0.313
2026,1,January,4,Madurai,3383.79,3730.06,3951.74,5158.77,-0.093,-0.144,-0.344
2026,1,January,4,Nagapattinam,2668.97,2740.51,2717.42,3971.72,-0.026,-0.018,-0.328
2026,1,January,4,Nagercoil (Kannyiakumari),3770.85,3979.39,4437.46,5000.0,-0.052,-0.15,-0.246
2026,1,January,4,Namakkal,3297.42,3389.87,3472.47,4847.91,-0.027,-0.05,-0.32
2026,1,January,4,Perambalur,3431.52,3519.6,3963.17,5230.09,-0.025,-0.134,-0.344
2026,1,January,4,Pudukkottai,3466.36,3755.07,3958.57,5082.83,-0.077,-0.124,-0.318
2026,1,January,4,Ramanathapuram,3638.92,3492.89,3679.94,5315.72,0.042,-0.011,-0.315
2026,1,January,4,Ranipet,2985.65,3003.64,3508.62,4510.27,-0.006,-0.149,-0.338
2026,1,January,4,Salem,3290.31,3545.2,4220.95,5675.12,-0.072,-0.221,-0.42
2026,1,January,4,Sivaganga,3515.57,4008.74,4131.98,5408.41,-0.123,-0.149,-0.35
2026,1,January,4,Tenkasi,3495.63,3728.85,3619.82,4613.07,-0.062,-0.034,-0.242
2026,1,January,4,Thanjavur,3411.73,3631.07,3643.7,4794.84,-0.06,-0.064,-0.289
2026,1,January,4,The Nilgiris,3200.0,3203.18,4093.2,5034.62,-0.001,-0.218,-0.364
2026,1,January,4,Theni,3258.73,3223.98,3657.61,4414.45,0.011,-0.109,-0.262
2026,1,January,4,Thiruchirappalli,3234.38,3261.74,3790.51,5333.31,-0.008,-0.147,-0.394
2026,1,January,4,Thirunelveli,2999.55,3030.86,3428.62,4178.26,-0.01,-0.125,-0.282
2026,1,January,4,Thirupathur,2750.0,2750.0,3149.5,4180.56,,-0.127,-0.342
2026,1,January,4,Thirupur,2703.87,2747.08,2951.55,4358.08,-0.016,-0.084,-0.38
2026,1,January,4,Thiruvannamalai,2968.69,2873.08,3105.83,4586.35,0.033,-0.044,-0.353
2026,1,January,4,Thiruvarur,3565.38,3545.06,4015.71,5771.78,0.006,-0.112,-0.382
2026,1,January,4,Thiruvellore,3152.92,3041.82,3601.17,4306.79,0.036,-0.124,-0.268
2026,1,January,4,Tuticorin,3531.64,3813.52,4206.14,4914.27,-0.074,-0.16,-0.281
2026,1,January,4,Vellore,2981.91,2987.0,3294.67,4370.91,-0.002,-0.095,-0.318
2026,1,January,4,Villupuram,3057.23,3149.89,3554.18,4732.84,-0.029,-0.14,-0.354
2026,1,January,4,Virudhunagar,3259.99,3279.29,3749.06,4401.71,-0.006,-0.131,-0.259
2026,2,February,1,Ariyalur,2358.03,2504.48,2926.83,5299.47,-0.058,-0.194,-0.555
2026,2,February,1,Chengalpattu,3105.4,3496.45,3479.57,4513.61,-0.112,-0.108,-0.312
2026,2,February,1,Coimbatore,2250.44,2598.3,3056.98,3958.96,-0.134,-0.264,-0.432
2026,2,February,1,Cuddalore,2791.68,2844.43,3098.2,4392.77,-0.019,-0.099,-0.365
2026,2,February,1,Dharmapuri,2603.01,2902.8,3441.92,4319.27,-0.103,-0.244,-0.397
2026,2,February,1,Dindigul,2827.88,2854.76,3681.75,4432.67,-0.009,-0.232,-0.362
2026,2,February,1,Erode,3157.12,3351.13,3717.8,4449.93,-0.058,-0.151,-0.291
2026,2,February,1,Kallakuruchi,3662.06,3679.65,4000.0,5000.0,-0.005,-0.084,-0.268
2026,2,February,1,Kancheepuram,2920.43,2867.24,3113.44,4830.33,0.019,-0.062,-0.395
2026,2,February,1,Karur,3154.89,3486.37,3703.5,4994.07,-0.095,-0.148,-0.368
2026,2,February,1,Krishnagiri,2719.31,2971.3,3237.42,4044.4,-0.085,-0.16,-0.328
2026,2,February,1,Madurai,2761.44,3383.79,3918.57,4886.79,-0.184,-0.295,-0.435
2026,2,February,1,Nagapattinam,2673.7,2668.97,2782.12,4079.65,0.002,-0.039,-0.345
2026,2,February,1,Nagercoil (Kannyiakumari),3848.24,3770.85,4290.23,4716.06,0.02,-0.103,-0.184
2026,2,February,1,Namakkal,3008.37,3297.42,3424.26,4580.71,-0.088,-0.122,-0.343
2026,2,February,1,Perambalur,3175.41,3431.52,3917.69,4832.69,-0.075,-0.189,-0.343
2026,2,February,1,Pudukkottai,3446.64,3466.36,3851.69,4944.33,-0.006,-0.105,-0.303
2026,2,February,1,Ramanathapuram,3225.61,3638.92,3852.82,5094.41,-0.114,-0.163,-0.367
2026,2,February,1,Ranipet,2882.39,2985.65,3287.47,4528.98,-0.035,-0.123,-0.364
2026,2,February,1,Salem,3171.1,3290.31,3882.37,5077.9,-0.036,-0.183,-0.375
2026,2,February,1,Sivaganga,3025.73,3515.57,4107.49,5264.52,-0.139,-0.263,-0.425
2026,2,February,1,Tenkasi,3069.14,3495.63,3601.02,4492.65,-0.122,-0.148,-0.317
2026,2,February,1,Thanjavur,3299.49,3411.73,3676.72,4668.93,-0.033,-0.103,-0.293
2026,2,February,1,The Nilgiris,2916.97,3200.0,3737.25,4599.58,-0.088,-0.219,-0.366
2026,2,February,1,Theni,2802.17,3258.73,3415.97,4328.57,-0.14,-0.18,-0.353
2026,2,February,1,Thiruchirappalli,3349.44,3234.38,3766.08,4986.25,0.036,-0.111,-0.328
2026,2,February,1,Thirunelveli,2676.96,2999.55,3435.29,3978.41,-0.108,-0.221,-0.327
2026,2,February,1,Thirupathur,2891.56,2750.0,2892.44,4000.0,0.052,,-0.277
2026,2,February,1,Thirupur,2612.68,2703.87,2821.39,4205.88,-0.034,-0.074,-0.379
2026,2,February,1,Thiruvannamalai,2823.45,2968.69,3046.71,4277.52,-0.049,-0.073,-0.34
2026,2,February,1,Thiruvarur,3524.14,3565.38,3703.46,5180.97,-0.012,-0.048,-0.32
2026,2,February,1,Thiruvellore,2915.32,3152.92,3153.33,4224.76,-0.075,-0.075,-0.31
2026,2,February,1,Tuticorin,3407.92,3531.64,3898.2,5277.56,-0.035,-0.126,-0.354
2026,2,February,1,Vellore,2881.38,2981.91,3058.98,4169.59,-0.034,-0.058,-0.309
2026,2,February,1,Villupuram,3099.14,3057.23,3721.22,4781.77,0.014,-0.167,-0.352
2026,2,February,1,Virudhunagar,3092.14,3259.99,3710.13,4371.67,-0.052,-0.167,-0.293
2026,2,February,2,Ariyalur,2315.8,2358.03,2828.46,4596.77,-0.018,-0.181,-0.496
2026,2,February,2,Chengalpattu,3017.48,3105.4,3476.57,4563.47,-0.028,-0.132,-0.339
2026,2,February,2,Coimbatore,2312.31,2250.44,2640.77,4003.76,0.028,-0.124,-0.422
2026,2,February,2,Cuddalore,2791.81,2791.68,3079.39,4534.92,,-0.093,-0.384
2026,2,February,2,Dharmapuri,2478.94,2603.01,3209.46,4450.03,-0.048,-0.228,-0.443
2026,2,February,2,Dindigul,2737.56,2827.88,3547.69,4516.99,-0.032,-0.228,-0.394
2026,2,February,2,Erode,3075.48,3157.12,3486.43,4429.42,-0.026,-0.118,-0.306
2026,2,February,2,Kallakuruchi,3655.56,3662.06,4000.0,5000.0,-0.002,-0.086,-0.269
2026,2,February,2,Kancheepuram,2693.41,2920.43,3159.24,4301.99,-0.078,-0.148,-0.374
2026,2,February,2,Karur,2894.38,3154.89,3538.16,4798.17,-0.083,-0.182,-0.397
2026,2,February,2,Krishnagiri,2694.29,2719.31,3106.7,4045.36,-0.009,-0.133,-0.334
2026,2,February,2,Madurai,2678.23,2761.44,3670.53,4807.61,-0.03,-0.27,-0.443
2026,2,February,2,Nagapattinam,2751.71,2673.7,2745.72,3990.36,0.029,0.002,-0.31
2026,2,February,2,Nagercoil (Kannyiakumari),3250.0,3848.24,4277.33,4548.43,-0.156,-0.24,-0.286
2026,2,February,2,Namakkal,2757.92,3008.37,3318.08,4465.78,-0.083,-0.169,-0.382
2026,2,February,2,Perambalur,3157.14,3175.41,3589.58,4691.76,-0.006,-0.121,-0.327
2026,2,February,2,Pudukkottai,3300.86,3446.64,3940.79,4932.28,-0.042,-0.162,-0.331
2026,2,February,2,Ramanathapuram,3022.81,3225.61,3649.52,5000.0,-0.063,-0.172,-0.395
2026,2,February,2,Ranipet,2743.39,2882.39,3046.7,4428.99,-0.048,-0.1,-0.381
2026,2,February,2,Salem,3053.91,3171.1,3790.71,5040.47,-0.037,-0.194,-0.394
2026,2,February,2,Sivaganga,2920.24,3025.73,3950.18,5118.86,-0.035,-0.261,-0.43
2026,2,February,2,Tenkasi,3110.64,3069.14,3623.2,4450.92,0.014,-0.142,-0.301
2026,2,February,2,Thanjavur,3009.42,3299.49,3687.33,4676.2,-0.088,-0.184,-0.356
2026,2,February,2,The Nilgiris,2758.6,2916.97,3463.82,4645.88,-0.054,-0.204,-0.406
2026,2,February,2,Theni,2603.21,2802.17,3126.5,4280.37,-0.071,-0.167,-0.392
2026,2,February,2,Thiruchirappalli,3269.9,3349.44,3467.84,4913.48,-0.024,-0.057,-0.335
2026,2,February,2,Thirunelveli,2610.73,2676.96,3198.51,4117.16,-0.025,-0.184,-0.366
2026,2,February,2,Thirupathur,2850.81,2891.56,3003.7,4000.0,-0.014,-0.051,-0.287
2026,2,February,2,Thirupur,2605.42,2612.68,2818.81,4131.21,-0.003,-0.076,-0.369
2026,2,February,2,Thiruvannamalai,2692.32,2823.45,3068.84,4310.87,-0.046,-0.123,-0.375
2026,2,February,2,Thiruvarur,3372.93,3524.14,3360.99,5230.07,-0.043,0.004,-0.355
2026,2,February,2,Thiruvellore,2938.98,2915.32,3000.0,4505.76,0.008,-0.02,-0.348
2026,2,February,2,Tuticorin,3045.69,3407.92,3515.0,4908.96,-0.106,-0.133,-0.38
2026,2,February,2,Vellore,2764.51,2881.38,3078.66,4019.13,-0.041,-0.102,-0.312
2026,2,February,2,Villupuram,3019.0,3099.14,3166.73,4735.94,-0.026,-0.047,-0.362
2026,2,February,2,Virudhunagar,2828.53,3092.14,3362.87,4377.42,-0.085,-0.159,-0.354
2026,2,February,3,Ariyalur,2899.34,2315.8,2766.89,4496.42,0.252,0.048,-0.355
2026,2,February,3,Chengalpattu,2815.6,3017.48,3499.1,4661.1,-0.067,-0.195,-0.396
2026,2,February,3,Coimbatore,2296.82,2312.31,2591.77,4264.48,-0.007,-0.114,-0.461
2026,2,February,3,Cuddalore,2645.54,2791.81,2950.21,4413.89,-0.052,-0.103,-0.401
2026,2,February,3,Dharmapuri,2525.9,2478.94,2975.43,4721.18,0.019,-0.151,-0.465
2026,2,February,3,Dindigul,2646.01,2737.56,3335.92,4851.15,-0.033,-0.207,-0.455
2026,2,February,3,Erode,3069.44,3075.48,3428.9,4658.24,-0.002,-0.105,-0.341
2026,2,February,3,Kallakuruchi,3661.46,3655.56,4000.0,5303.32,0.002,-0.085,-0.31
2026,2,February,3,Kancheepuram,2728.83,2693.41,3236.12,4402.46,0.013,-0.157,-0.38
2026,2,February,3,Karur,2891.91,2894.38,3460.9,5000.0,-0.001,-0.164,-0.422
2026,2,February,3,Krishnagiri,2628.39,2694.29,3055.39,4805.95,-0.025,-0.14,-0.453
2026,2,February,3,Madurai,2716.13,2678.23,3730.06,5047.01,0.014,-0.272,-0.462
2026,2,February,3,Nagapattinam,2816.8,2751.71,2740.51,4095.55,0.024,0.028,-0.312
2026,2,February,3,Nagercoil (Kannyiakumari),3196.01,3250.0,3979.39,4717.29,-0.017,-0.197,-0.322
2026,2,February,3,Namakkal,2746.02,2757.92,3389.87,4683.98,-0.004,-0.19,-0.414
2026,2,February,3,Perambalur,3151.26,3157.14,3519.6,4847.46,-0.002,-0.105,-0.35
2026,2,February,3,Pudukkottai,3119.86,3300.86,3755.07,4760.89,-0.055,-0.169,-0.345
2026,2,February,3,Ramanathapuram,2837.31,3022.81,3492.89,5039.34,-0.061,-0.188,-0.437
2026,2,February,3,Ranipet,2473.52,2743.39,3003.64,4500.0,-0.098,-0.176,-0.45
2026,2,February,3,Salem,2891.17,3053.91,3545.2,5426.13,-0.053,-0.184,-0.467
2026,2,February,3,Sivaganga,2978.76,2920.24,4008.74,5184.14,0.02,-0.257,-0.425
2026,2,February,3,Tenkasi,3159.88,3110.64,3728.85,4448.72,0.016,-0.153,-0.29
2026,2,February,3,Thanjavur,2888.06,3009.42,3631.07,4716.4,-0.04,-0.205,-0.388
2026,2,February,3,The Nilgiris,2771.73,2758.6,3203.18,5163.87,0.005,-0.135,-0.463
2026,2,February,3,Theni,2668.18,2603.21,3223.98,4442.41,0.025,-0.172,-0.399
2026,2,February,3,Thiruchirappalli,3294.42,3269.9,3261.74,5129.65,0.008,0.01,-0.358
2026,2,February,3,Thirunelveli,2579.08,2610.73,3030.86,4307.3,-0.012,-0.149,-0.401
2026,2,February,3,Thirupathur,2610.56,2850.81,2750.0,4401.63,-0.084,-0.051,-0.407
2026,2,February,3,Thirupur,2598.8,2605.42,2747.08,4365.19,-0.002,-0.054,-0.405
2026,2,February,3,Thiruvannamalai,2485.25,2692.32,2873.08,4607.92,-0.077,-0.135,-0.461
2026,2,February,3,Thiruvarur,3419.75,3372.93,3545.06,5304.82,0.014,-0.035,-0.355
2026,2,February,3,Thiruvellore,2903.35,2938.98,3041.82,4253.08,-0.012,-0.045,-0.317
2026,2,February,3,Tuticorin,2794.05,3045.69,3813.52,4923.43,-0.083,-0.267,-0.432
2026,2,February,3,Vellore,2728.69,2764.51,2987.0,4357.23,-0.013,-0.087,-0.374
2026,2,February,3,Villupuram,2994.54,3019.0,3149.89,4716.94,-0.008,-0.049,-0.365
2026,2,February,3,Virudhunagar,3089.94,2828.53,3279.29,4394.8,0.092,-0.058,-0.297
2026,2,February,4,Ariyalur,2396.67,2899.34,2504.48,4194.78,-0.173,-0.043,-0.429
2026,2,February,4,Chengalpattu,2757.31,2815.6,3496.45,4500.69,-0.021,-0.211,-0.387
2026,2,February,4,Coimbatore,2263.73,2296.82,2598.3,3854.54,-0.014,-0.129,-0.413
2026,2,February,4,Cuddalore,2598.52,2645.54,2844.43,4459.33,-0.018,-0.087,-0.417
2026,2,February,4,Dharmapuri,2510.6,2525.9,2902.8,4382.78,-0.006,-0.135,-0.427
2026,2,February,4,Dindigul,2689.17,2646.01,2854.76,4446.25,0.016,-0.058,-0.395
2026,2,February,4,Erode,2970.09,3069.44,3351.13,4611.25,-0.032,-0.114,-0.356
2026,2,February,4,Kallakuruchi,3663.93,3661.46,3679.65,5000.0,0.001,-0.004,-0.267
2026,2,February,4,Kancheepuram,2644.9,2728.83,2867.24,4533.41,-0.031,-0.078,-0.417
2026,2,February,4,Karur,2888.78,2891.91,3486.37,4897.87,-0.001,-0.171,-0.41
2026,2,February,4,Krishnagiri,2292.71,2628.39,2971.3,4389.74,-0.128,-0.228,-0.478
2026,2,February,4,Madurai,2649.45,2716.13,3383.79,4671.33,-0.025,-0.217,-0.433
2026,2,February,4,Nagapattinam,2766.06,2816.8,2668.97,4053.62,-0.018,0.036,-0.318
2026,2,February,4,Nagercoil (Kannyiakumari),3216.33,3196.01,3770.85,4888.69,0.006,-0.147,-0.342
2026,2,February,4,Namakkal,2760.87,2746.02,3297.42,4360.0,0.005,-0.163,-0.367
2026,2,February,4,Perambalur,3101.39,3151.26,3431.52,4558.9,-0.016,-0.096,-0.32
2026,2,February,4,Pudukkottai,3237.04,3119.86,3466.36,4748.97,0.038,-0.066,-0.318
2026,2,February,4,Ramanathapuram,2759.91,2837.31,3638.92,4825.52,-0.027,-0.242,-0.428
2026,2,February,4,Ranipet,2398.41,2473.52,2985.65,4469.75,-0.03,-0.197,-0.463
2026,2,February,4,Salem,2883.67,2891.17,3290.31,5178.03,-0.003,-0.124,-0.443
2026,2,February,4,Sivaganga,2957.59,2978.76,3515.57,4841.54,-0.007,-0.159,-0.389
2026,2,February,4,Tenkasi,3251.01,3159.88,3495.63,4569.58,0.029,-0.07,-0.289
2026,2,February,4,Thanjavur,2969.42,2888.06,3411.73,4716.17,0.028,-0.13,-0.37
2026,2,February,4,The Nilgiris,2604.94,2771.73,3200.0,4640.37,-0.06,-0.186,-0.439
2026,2,February,4,Theni,2566.57,2668.18,3258.73,4220.56,-0.038,-0.212,-0.392
2026,2,February,4,Thiruchirappalli,3070.29,3294.42,3234.38,4867.7,-0.068,-0.051,-0.369
2026,2,February,4,Thirunelveli,2413.94,2579.08,2999.55,3884.42,-0.064,-0.195,-0.379
2026,2,February,4,Thirupathur,2622.73,2610.56,2750.0,4540.54,0.005,-0.046,-0.422
2026,2,February,4,Thirupur,2466.95,2598.8,2703.87,4242.51,-0.051,-0.088,-0.419
2026,2,February,4,Thiruvannamalai,2281.29,2485.25,2968.69,4403.17,-0.082,-0.231,-0.482
2026,2,February,4,Thiruvarur,3418.77,3419.75,3565.38,5291.53,,-0.041,-0.354
2026,2,February,4,Thiruvellore,2899.69,2903.35,3152.92,3982.19,-0.001,-0.08,-0.272
2026,2,February,4,Tuticorin,2872.48,2794.05,3531.64,5031.92,0.028,-0.187,-0.429
2026,2,February,4,Vellore,2572.93,2728.69,2981.91,4127.79,-0.057,-0.137,-0.377
2026,2,February,4,Villupuram,2907.13,2994.54,3057.23,4722.25,-0.029,-0.049,-0.384
2026,2,February,4,Virudhunagar,3069.2,3089.94,3259.99,4287.48,-0.007,-0.058,-0.284
2026,3,March,1,Ariyalur,2272.49,2396.67,2358.03,4050.4,-0.052,-0.036,-0.439
2026,3,March,1,Chengalpattu,2814.26,2757.31,3105.4,3959.59,0.021,-0.094,-0.289
2026,3,March,1,Coimbatore,2095.29,2263.73,2250.44,3737.59,-0.074,-0.069,-0.439
2026,3,March,1,Cuddalore,2470.81,2598.52,2791.68,4268.29,-0.049,-0.115,-0.421
2026,3,March,1,Dharmapuri,2505.85,2510.6,2603.01,4047.98,-0.002,-0.037,-0.381
2026,3,March,1,Dindigul,2633.53,2689.17,2827.88,4427.72,-0.021,-0.069,-0.405
2026,3,March,1,Erode,2848.5,2970.09,3157.12,4344.35,-0.041,-0.098,-0.344
2026,3,March,1,Kallakuruchi,3241.9,3663.93,3662.06,5000.0,-0.115,-0.115,-0.352
2026,3,March,1,Kancheepuram,2552.36,2644.9,2920.43,4496.81,-0.035,-0.126,-0.432
2026,3,March,1,Karur,2880.38,2888.78,3154.89,4550.18,-0.003,-0.087,-0.367
2026,3,March,1,Krishnagiri,2296.95,2292.71,2719.31,4049.4,0.002,-0.155,-0.433
2026,3,March,1,Madurai,2459.54,2649.45,2761.44,4422.57,-0.072,-0.109,-0.444
2026,3,March,1,Nagapattinam,2867.82,2766.06,2673.7,4014.39,0.037,0.073,-0.286
2026,3,March,1,Nagercoil (Kannyiakumari),3286.24,3216.33,3848.24,4500.0,0.022,-0.146,-0.27
2026,3,March,1,Namakkal,2699.06,2760.87,3008.37,4369.17,-0.022,-0.103,-0.382
2026,3,March,1,Perambalur,2972.27,3101.39,3175.41,4480.19,-0.042,-0.064,-0.337
2026,3,March,1,Pudukkottai,3277.38,3237.04,3446.64,4805.16,0.012,-0.049,-0.318
2026,3,March,1,Ramanathapuram,2721.17,2759.91,3225.61,4656.54,-0.014,-0.156,-0.416
2026,3,March,1,Ranipet,2354.82,2398.41,2882.39,4070.2,-0.018,-0.183,-0.421
2026,3,March,1,Salem,2779.09,2883.67,3171.1,4998.56,-0.036,-0.124,-0.444
2026,3,March,1,Sivaganga,2776.87,2957.59,3025.73,4578.05,-0.061,-0.082,-0.393
2026,3,March,1,Tenkasi,2772.21,3251.01,3069.14,4292.56,-0.147,-0.097,-0.354
2026,3,March,1,Thanjavur,2872.88,2969.42,3299.49,4671.57,-0.032,-0.129,-0.385
2026,3,March,1,The Nilgiris,2653.57,2604.94,2916.97,4513.04,0.019,-0.09,-0.412
2026,3,March,1,Theni,2488.18,2566.57,2802.17,4061.33,-0.03,-0.112,-0.387
2026,3,March,1,Thiruchirappalli,2914.21,3070.29,3349.44,4955.18,-0.051,-0.13,-0.412
2026,3,March,1,Thirunelveli,2231.33,2413.94,2676.96,3800.0,-0.076,-0.166,-0.413
2026,3,March,1,Thirupathur,2595.31,2622.73,2891.56,4109.05,-0.011,-0.102,-0.368
2026,3,March,1,Thirupur,2417.36,2466.95,2612.68,4094.26,-0.02,-0.075,-0.41
2026,3,March,1,Thiruvannamalai,2205.91,2281.29,2823.45,4278.74,-0.033,-0.219,-0.484
2026,3,March,1,Thiruvarur,3256.29,3418.77,3524.14,5108.29,-0.048,-0.076,-0.362
2026,3,March,1,Thiruvellore,2527.34,2899.69,2915.32,3852.07,-0.128,-0.133,-0.344
2026,3,March,1,Tuticorin,2791.74,2872.48,3407.92,4588.17,-0.028,-0.181,-0.391
2026,3,March,1,Vellore,2447.71,2572.93,2881.38,3985.79,-0.049,-0.151,-0.386
2026,3,March,1,Villupuram,2722.68,2907.13,3099.14,4429.13,-0.063,-0.122,-0.385
2026,3,March,1,Virudhunagar,2863.62,3069.2,3092.14,4301.73,-0.067,-0.074,-0.334
2026,3,March,2,Ariyalur,2211.63,2272.49,2315.8,3728.57,-0.027,-0.045,-0.407
2026,3,March,2,Chengalpattu,2769.15,2814.26,3017.48,3613.65,-0.016,-0.082,-0.234
2026,3,March,2,Coimbatore,2208.64,2095.29,2312.31,3191.35,0.054,-0.045,-0.308
2026,3,March,2,Cuddalore,2453.24,2470.81,2791.81,4075.93,-0.007,-0.121,-0.398
2026,3,March,2,Dharmapuri,2451.5,2505.85,2478.94,3701.52,-0.022,-0.011,-0.338
2026,3,March,2,Dindigul,2666.61,2633.53,2737.56,3713.89,0.013,-0.026,-0.282
2026,3,March,2,Erode,2827.79,2848.5,3075.48,3925.72,-0.007,-0.081,-0.28
2026,3,March,2,Kallakuruchi,3000.0,3241.9,3655.56,5000.0,-0.075,-0.179,-0.4
2026,3,March,2,Kancheepuram,2447.7,2552.36,2693.41,3932.19,-0.041,-0.091,-0.378
2026,3,March,2,Karur,2887.7,2880.38,2894.38,4374.16,0.002,-0.002,-0.34
2026,3,March,2,Krishnagiri,2310.83,2296.95,2694.29,3696.12,0.006,-0.142,-0.375
2026,3,March,2,Madurai,2548.63,2459.54,2678.23,4115.36,0.036,-0.048,-0.381
2026,3,March,2,Nagapattinam,2900.56,2867.82,2751.71,4102.49,0.011,0.054,-0.293
2026,3,March,2,Nagercoil (Kannyiakumari),3077.72,3286.24,3250.0,4500.0,-0.063,-0.053,-0.316
2026,3,March,2,Namakkal,2606.31,2699.06,2757.92,4114.53,-0.034,-0.055,-0.367
2026,3,March,2,Perambalur,2967.65,2972.27,3157.14,3839.13,-0.002,-0.06,-0.227
2026,3,March,2,Pudukkottai,3257.28,3277.38,3300.86,4234.24,-0.006,-0.013,-0.231
2026,3,March,2,Ramanathapuram,2674.23,2721.17,3022.81,4352.45,-0.017,-0.115,-0.386
2026,3,March,2,Ranipet,2401.27,2354.82,2743.39,3766.98,0.02,-0.125,-0.362
2026,3,March,2,Salem,2740.87,2779.09,3053.91,4717.07,-0.014,-0.102,-0.419
2026,3,March,2,Sivaganga,2809.63,2776.87,2920.24,4432.23,0.012,-0.038,-0.366
2026,3,March,2,Tenkasi,2779.82,2772.21,3110.64,3942.47,0.003,-0.106,-0.295
2026,3,March,2,Thanjavur,2734.35,2872.88,3009.42,4439.59,-0.048,-0.091,-0.384
2026,3,March,2,The Nilgiris,2576.19,2653.57,2758.6,3944.64,-0.029,-0.066,-0.347
2026,3,March,2,Theni,2491.23,2488.18,2603.21,3516.2,0.001,-0.043,-0.291
2026,3,March,2,Thiruchirappalli,2826.1,2914.21,3269.9,4440.57,-0.03,-0.136,-0.364
2026,3,March,2,Thirunelveli,2294.97,2231.33,2610.73,3257.07,0.029,-0.121,-0.295
2026,3,March,2,Thirupathur,2515.7,2595.31,2850.81,3925.19,-0.031,-0.118,-0.359
2026,3,March,2,Thirupur,2487.25,2417.36,2605.42,3744.79,0.029,-0.045,-0.336
2026,3,March,2,Thiruvannamalai,2203.71,2205.91,2692.32,3714.56,-0.001,-0.181,-0.407
2026,3,March,2,Thiruvarur,3174.53,3256.29,3372.93,4665.84,-0.025,-0.059,-0.32
2026,3,March,2,Thiruvellore,2275.59,2527.34,2938.98,3735.34,-0.1,-0.226,-0.391
2026,3,March,2,Tuticorin,2801.56,2791.74,3045.69,3952.64,0.003,-0.08,-0.291
2026,3,March,2,Vellore,2376.42,2447.71,2764.51,3702.44,-0.029,-0.14,-0.358
2026,3,March,2,Villupuram,2592.36,2722.68,3019.0,4364.32,-0.048,-0.141,-0.406
2026,3,March,2,Virudhunagar,2713.3,2863.62,2828.53,4044.6,-0.052,-0.041,-0.329
2026,3,March,3,Ariyalur,2287.25,2211.63,2899.34,3433.95,0.034,-0.211,-0.334
2026,3,March,3,Chengalpattu,2690.97,2769.15,2815.6,3463.2,-0.028,-0.044,-0.223
2026,3,March,3,Coimbatore,2141.0,2208.64,2296.82,2850.24,-0.031,-0.068,-0.249
2026,3,March,3,Cuddalore,2523.58,2453.24,2645.54,3806.85,0.029,-0.046,-0.337
2026,3,March,3,Dharmapuri,2467.44,2451.5,2525.9,3249.32,0.007,-0.023,-0.241
2026,3,March,3,Dindigul,2785.65,2666.61,2646.01,3132.79,0.045,0.053,-0.111
2026,3,March,3,Erode,2796.78,2827.79,3069.44,3353.2,-0.011,-0.089,-0.166
2026,3,March,3,Kallakuruchi,3500.0,3000.0,3661.46,4913.39,0.167,-0.044,-0.288
2026,3,March,3,Kancheepuram,2424.53,2447.7,2728.83,3625.55,-0.009,-0.112,-0.331
2026,3,March,3,Karur,2886.36,2887.7,2891.91,3483.07,-0.001,-0.002,-0.171
2026,3,March,3,Krishnagiri,2265.95,2310.83,2628.39,3153.04,-0.019,-0.138,-0.281
2026,3,March,3,Madurai,2767.71,2548.63,2716.13,3665.33,0.086,0.019,-0.245
2026,3,March,3,Nagapattinam,2845.1,2900.56,2816.8,3977.17,-0.019,0.01,-0.285
2026,3,March,3,Nagercoil (Kannyiakumari),2984.57,3077.72,3196.01,3689.7,-0.03,-0.066,-0.191
2026,3,March,3,Namakkal,2586.45,2606.31,2746.02,3561.87,-0.008,-0.058,-0.274
2026,3,March,3,Perambalur,2852.12,2967.65,3151.26,3320.0,-0.039,-0.095,-0.141
2026,3,March,3,Pudukkottai,3241.14,3257.28,3119.86,3811.36,-0.005,0.039,-0.15
2026,3,March,3,Ramanathapuram,2692.81,2674.23,2837.31,4042.38,0.007,-0.051,-0.334
2026,3,March,3,Ranipet,2329.31,2401.27,2473.52,2835.32,-0.03,-0.058,-0.179
2026,3,March,3,Salem,2724.75,2740.87,2891.17,3966.1,-0.006,-0.058,-0.313
2026,3,March,3,Sivaganga,2937.36,2809.63,2978.76,4005.12,0.045,-0.014,-0.267
2026,3,March,3,Tenkasi,2943.07,2779.82,3159.88,3447.06,0.059,-0.069,-0.146
2026,3,March,3,Thanjavur,2737.48,2734.35,2888.06,3723.66,0.001,-0.052,-0.265
2026,3,March,3,The Nilgiris,2653.6,2576.19,2771.73,3233.6,0.03,-0.043,-0.179
2026,3,March,3,Theni,2466.83,2491.23,2668.18,2860.52,-0.01,-0.075,-0.138
2026,3,March,3,Thiruchirappalli,2804.23,2826.1,3294.42,3777.09,-0.008,-0.149,-0.258
2026,3,March,3,Thirunelveli,2309.14,2294.97,2579.08,3182.63,0.006,-0.105,-0.274
2026,3,March,3,Thirupathur,2573.15,2515.7,2610.56,3462.23,0.023,-0.014,-0.257
2026,3,March,3,Thirupur,2448.26,2487.25,2598.8,3126.56,-0.016,-0.058,-0.217
2026,3,March,3,Thiruvannamalai,2248.33,2203.71,2485.25,3226.75,0.02,-0.095,-0.303
2026,3,March,3,Thiruvarur,3040.88,3174.53,3419.75,4034.67,-0.042,-0.111,-0.246
2026,3,March,3,Thiruvellore,2210.13,2275.59,2903.35,3402.25,-0.029,-0.239,-0.35
2026,3,March,3,Tuticorin,2765.51,2801.56,2794.05,3858.39,-0.013,-0.01,-0.283
2026,3,March,3,Vellore,2421.71,2376.42,2728.69,3100.57,0.019,-0.112,-0.219
2026,3,March,3,Villupuram,2647.49,2592.36,2994.54,3603.46,0.021,-0.116,-0.265
2026,3,March,3,Virudhunagar,2569.04,2713.3,3089.94,3590.52,-0.053,-0.169,-0.284
2026,3,March,4,Ariyalur,2285.85,2287.25,2396.67,3382.54,-0.001,-0.046,-0.324
2026,3,March,4,Chengalpattu,2652.81,2690.97,2757.31,3305.39,-0.014,-0.038,-0.197
2026,3,March,4,Coimbatore,2086.69,2141.0,2263.73,2797.58,-0.025,-0.078,-0.254
2026,3,March,4,Cuddalore,2507.38,2523.58,2598.52,3714.47,-0.006,-0.035,-0.325
2026,3,March,4,Dharmapuri,2480.32,2467.44,2510.6,3120.3,0.005,-0.012,-0.205
2026,3,March,4,Dindigul,2567.27,2785.65,2689.17,3028.29,-0.078,-0.045,-0.152
2026,3,March,4,Erode,2654.39,2796.78,2970.09,3179.31,-0.051,-0.106,-0.165
2026,3,March,4,Kallakuruchi,3372.24,3500.0,3663.93,4144.84,-0.036,-0.08,-0.186
2026,3,March,4,Kancheepuram,2405.33,2424.53,2644.9,3155.22,-0.008,-0.091,-0.238
2026,3,March,4,Karur,2884.01,2886.36,2888.78,3034.8,-0.001,-0.002,-0.05
2026,3,March,4,Krishnagiri,2273.15,2265.95,2292.71,3028.33,0.003,-0.008,-0.249
2026,3,March,4,Madurai,2662.04,2767.71,2649.45,3538.97,-0.038,0.005,-0.248
2026,3,March,4,Nagapattinam,2820.72,2845.1,2766.06,3632.98,-0.009,0.02,-0.224
2026,3,March,4,Nagercoil (Kannyiakumari),2960.34,2984.57,3216.33,3568.03,-0.008,-0.08,-0.17
2026,3,March,4,Namakkal,2584.86,2586.45,2760.87,3475.34,-0.001,-0.064,-0.256
2026,3,March,4,Perambalur,2777.97,2852.12,3101.39,3299.13,-0.026,-0.104,-0.158
2026,3,March,4,Pudukkottai,3280.81,3241.14,3237.04,3504.87,0.012,0.014,-0.064
2026,3,March,4,Ramanathapuram,2810.59,2692.81,2759.91,3940.4,0.044,0.018,-0.287
2026,3,March,4,Ranipet,2060.12,2329.31,2398.41,2817.33,-0.116,-0.141,-0.269
2026,3,March,4,Salem,2765.39,2724.75,2883.67,3469.76,0.015,-0.041,-0.203
2026,3,March,4,Sivaganga,2865.24,2937.36,2957.59,3697.37,-0.025,-0.031,-0.225
2026,3,March,4,Tenkasi,2976.51,2943.07,3251.01,3452.79,0.011,-0.084,-0.138
2026,3,March,4,Thanjavur,2723.02,2737.48,2969.42,3615.32,-0.005,-0.083,-0.247
2026,3,March,4,The Nilgiris,2605.47,2653.6,2604.94,3268.49,-0.018,,-0.203
2026,3,March,4,Theni,2455.43,2466.83,2566.57,2924.14,-0.005,-0.043,-0.16
2026,3,March,4,Thiruchirappalli,2726.6,2804.23,3070.29,3682.57,-0.028,-0.112,-0.26
2026,3,March,4,Thirunelveli,2210.24,2309.14,2413.94,2863.25,-0.043,-0.084,-0.228
2026,3,March,4,Thirupathur,2609.01,2573.15,2622.73,3461.28,0.014,-0.005,-0.246
2026,3,March,4,Thirupur,2385.71,2448.26,2466.95,3103.56,-0.025,-0.033,-0.231
2026,3,March,4,Thiruvannamalai,2243.52,2248.33,2281.29,3233.76,-0.002,-0.017,-0.306
2026,3,March,4,Thiruvarur,3043.91,3040.88,3418.77,3694.72,0.001,-0.11,-0.176
2026,3,March,4,Thiruvellore,2161.4,2210.13,2899.69,3131.79,-0.022,-0.255,-0.31
2026,3,March,4,Tuticorin,2792.21,2765.51,2872.48,3788.89,0.01,-0.028,-0.263
2026,3,March,4,Vellore,2308.81,2421.71,2572.93,3038.01,-0.047,-0.103,-0.24
2026,3,March,4,Villupuram,2721.29,2647.49,2907.13,3327.0,0.028,-0.064,-0.182
2026,3,March,4,Virudhunagar,2506.42,2569.04,3069.2,3450.74,-0.024,-0.183,-0.274
2026,4,April,1,Ariyalur,2335.29,2285.85,2272.49,3383.28,0.022,0.028,-0.31
2026,4,April,1,Chengalpattu,2384.28,2652.81,2814.26,3211.92,-0.101,-0.153,-0.258
2026,4,April,1,Coimbatore,2074.22,2086.69,2095.29,2595.05,-0.006,-0.01,-0.201
2026,4,April,1,Cuddalore,2512.54,2507.38,2470.81,3750.0,0.002,0.017,-0.33
2026,4,April,1,Dharmapuri,2455.6,2480.32,2505.85,3086.14,-0.01,-0.02,-0.204
2026,4,April,1,Dindigul,2467.42,2567.27,2633.53,3059.62,-0.039,-0.063,-0.194
2026,4,April,1,Erode,2521.73,2654.39,2848.5,3047.16,-0.05,-0.115,-0.172
2026,4,April,1,Kallakuruchi,3000.0,3372.24,3241.9,4000.0,-0.11,-0.075,-0.25
2026,4,April,1,Kancheepuram,2425.44,2405.33,2552.36,3143.66,0.008,-0.05,-0.229
2026,4,April,1,Karur,2903.3,2884.01,2880.38,3010.58,0.007,0.008,-0.036
2026,4,April,1,Krishnagiri,2117.09,2273.15,2296.95,3041.95,-0.069,-0.078,-0.304
2026,4,April,1,Madurai,2436.76,2662.04,2459.54,3245.24,-0.085,-0.009,-0.249
2026,4,April,1,Nagapattinam,2652.58,2820.72,2867.82,3567.49,-0.06,-0.075,-0.256
2026,4,April,1,Nagercoil (Kannyiakumari),3015.17,2960.34,3286.24,3785.56,0.019,-0.082,-0.204
2026,4,April,1,Namakkal,2578.11,2584.86,2699.06,3723.56,-0.003,-0.045,-0.308
2026,4,April,1,Perambalur,2610.96,2777.97,2972.27,3200.0,-0.06,-0.122,-0.184
2026,4,April,1,Pudukkottai,2964.35,3280.81,3277.38,3117.36,-0.097,-0.096,-0.049
2026,4,April,1,Ramanathapuram,2801.88,2810.59,2721.17,3877.89,-0.003,0.03,-0.278
2026,4,April,1,Ranipet,2006.54,2060.12,2354.82,2824.26,-0.026,-0.148,-0.289
2026,4,April,1,Salem,2720.14,2765.39,2779.09,3403.92,-0.016,-0.021,-0.201
2026,4,April,1,Sivaganga,2749.32,2865.24,2776.87,3435.7,-0.04,-0.01,-0.2
2026,4,April,1,Tenkasi,2643.52,2976.51,2772.21,3175.95,-0.112,-0.046,-0.168
2026,4,April,1,Thanjavur,2691.0,2723.02,2872.88,3494.25,-0.012,-0.063,-0.23
2026,4,April,1,The Nilgiris,2589.36,2605.47,2653.57,3207.67,-0.006,-0.024,-0.193
2026,4,April,1,Theni,2442.81,2455.43,2488.18,2877.01,-0.005,-0.018,-0.151
2026,4,April,1,Thiruchirappalli,2606.16,2726.6,2914.21,3635.84,-0.044,-0.106,-0.283
2026,4,April,1,Thirunelveli,2128.92,2210.24,2231.33,2796.44,-0.037,-0.046,-0.239
2026,4,April,1,Thirupathur,2539.16,2609.01,2595.31,3370.03,-0.027,-0.022,-0.246
2026,4,April,1,Thirupur,2396.42,2385.71,2417.36,2821.38,0.005,-0.009,-0.151
2026,4,April,1,Thiruvannamalai,2271.11,2243.52,2205.91,3133.81,0.012,0.03,-0.275
2026,4,April,1,Thiruvarur,3047.11,3043.91,3256.29,3730.04,0.001,-0.064,-0.183
2026,4,April,1,Thiruvellore,2086.04,2161.4,2527.34,3475.19,-0.035,-0.175,-0.4
2026,4,April,1,Tuticorin,2832.99,2792.21,2791.74,3787.59,0.015,0.015,-0.252
2026,4,April,1,Vellore,2299.09,2308.81,2447.71,2941.8,-0.004,-0.061,-0.219
2026,4,April,1,Villupuram,2633.74,2721.29,2722.68,3383.18,-0.032,-0.033,-0.221
2026,4,April,1,Virudhunagar,2579.73,2506.42,2863.62,3309.86,0.029,-0.099,-0.221
2026,4,April,2,Ariyalur,2304.92,2335.29,2211.63,3418.31,-0.013,0.042,-0.326
2026,4,April,2,Chengalpattu,2505.48,2384.28,2769.15,3049.94,0.051,-0.095,-0.179
2026,4,April,2,Coimbatore,2068.81,2074.22,2208.64,2419.31,-0.003,-0.063,-0.145
2026,4,April,2,Cuddalore,2559.03,2512.54,2453.24,3718.75,0.019,0.043,-0.312
2026,4,April,2,Dharmapuri,2374.35,2455.6,2451.5,3052.7,-0.033,-0.031,-0.222
2026,4,April,2,Dindigul,2391.48,2467.42,2666.61,3000.0,-0.031,-0.103,-0.203
2026,4,April,2,Erode,2406.98,2521.73,2827.79,3008.24,-0.045,-0.149,-0.2
2026,4,April,2,Kallakuruchi,3000.0,3000.0,3000.0,3858.61,,,-0.222
2026,4,April,2,Kancheepuram,2410.13,2425.44,2447.7,2997.48,-0.006,-0.015,-0.196
2026,4,April,2,Karur,2804.16,2903.3,2887.7,3000.0,-0.034,-0.029,-0.065
2026,4,April,2,Krishnagiri,2106.29,2117.09,2310.83,3031.28,-0.005,-0.088,-0.305
2026,4,April,2,Madurai,2298.29,2436.76,2548.63,3137.01,-0.057,-0.098,-0.267
2026,4,April,2,Nagapattinam,2676.11,2652.58,2900.56,3219.65,0.009,-0.077,-0.169
2026,4,April,2,Nagercoil (Kannyiakumari),2886.23,3015.17,3077.72,3640.29,-0.043,-0.062,-0.207
2026,4,April,2,Namakkal,2475.76,2578.11,2606.31,3329.35,-0.04,-0.05,-0.256
2026,4,April,2,Perambalur,2668.7,2610.96,2967.65,3000.0,0.022,-0.101,-0.11
2026,4,April,2,Pudukkottai,2752.17,2964.35,3257.28,3035.04,-0.072,-0.155,-0.093
2026,4,April,2,Ramanathapuram,2934.27,2801.88,2674.23,3681.04,0.047,0.097,-0.203
2026,4,April,2,Ranipet,1970.18,2006.54,2401.27,2817.43,-0.018,-0.179,-0.301
2026,4,April,2,Salem,2745.9,2720.14,2740.87,3090.92,0.009,0.002,-0.112
2026,4,April,2,Sivaganga,2483.36,2749.32,2809.63,3414.15,-0.097,-0.116,-0.273
2026,4,April,2,Tenkasi,2749.64,2643.52,2779.82,3196.9,0.04,-0.011,-0.14
2026,4,April,2,Thanjavur,2717.95,2691.0,2734.35,3395.93,0.01,-0.006,-0.2
2026,4,April,2,The Nilgiris,2556.02,2589.36,2576.19,3171.05,-0.013,-0.008,-0.194
2026,4,April,2,Theni,2441.18,2442.81,2491.23,2708.95,-0.001,-0.02,-0.099
2026,4,April,2,Thiruchirappalli,2576.53,2606.16,2826.1,3296.74,-0.011,-0.088,-0.219
2026,4,April,2,Thirunelveli,2057.87,2128.92,2294.97,2790.0,-0.033,-0.103,-0.262
2026,4,April,2,Thirupathur,2610.0,2539.16,2515.7,3313.73,0.028,0.038,-0.212
2026,4,April,2,Thirupur,2357.54,2396.42,2487.25,3005.26,-0.016,-0.052,-0.216
2026,4,April,2,Thiruvannamalai,2242.7,2271.11,2203.71,2975.48,-0.012,0.018,-0.246
2026,4,April,2,Thiruvarur,3053.88,3047.11,3174.53,3857.06,0.002,-0.038,-0.208
2026,4,April,2,Thiruvellore,2085.46,2086.04,2275.59,3126.82,,-0.084,-0.333
2026,4,April,2,Tuticorin,2797.91,2832.99,2801.56,3864.68,-0.012,-0.001,-0.276
2026,4,April,2,Vellore,2299.11,2299.09,2376.42,2751.32,,-0.032,-0.164
2026,4,April,2,Villupuram,2641.64,2633.74,2592.36,3296.58,0.003,0.019,-0.199
2026,4,April,2,Virudhunagar,2642.29,2579.73,2713.3,3197.78,0.024,-0.026,-0.174
2026,4,April,3,Ariyalur,2278.31,2304.92,2287.25,3257.6,-0.011,-0.004,-0.301
2026,4,April,3,Chengalpattu,2630.84,2505.48,2690.97,2975.48,0.05,-0.022,-0.116
2026,4,April,3,Coimbatore,2018.69,2068.81,2141.0,2208.58,-0.024,-0.057,-0.086
2026,4,April,3,Cuddalore,2502.12,2559.03,2523.58,3190.68,-0.022,-0.008,-0.216
2026,4,April,3,Dharmapuri,2315.13,2374.35,2467.44,2850.07,-0.025,-0.062,-0.188
2026,4,April,3,Dindigul,2537.74,2391.48,2785.65,2944.99,0.061,-0.089,-0.138
2026,4,April,3,Erode,2365.48,2406.98,2796.78,2848.08,-0.017,-0.154,-0.169
2026,4,April,3,Kallakuruchi,3000.0,3000.0,3500.0,3500.0,,-0.143,-0.143
2026,4,April,3,Kancheepuram,2346.08,2410.13,2424.53,3170.14,-0.027,-0.032,-0.26
2026,4,April,3,Karur,2435.6,2804.16,2886.36,2909.09,-0.131,-0.156,-0.163
2026,4,April,3,Krishnagiri,2101.48,2106.29,2265.95,2601.55,-0.002,-0.073,-0.192
2026,4,April,3,Madurai,2268.32,2298.29,2767.71,3008.97,-0.013,-0.18,-0.246
2026,4,April,3,Nagapattinam,2687.58,2676.11,2845.1,3300.88,0.004,-0.055,-0.186
2026,4,April,3,Nagercoil (Kannyiakumari),2940.96,2886.23,2984.57,3000.0,0.019,-0.015,-0.02
2026,4,April,3,Namakkal,2435.35,2475.76,2586.45,3121.39,-0.016,-0.058,-0.22
2026,4,April,3,Perambalur,2655.05,2668.7,2852.12,2709.65,-0.005,-0.069,-0.02
2026,4,April,3,Pudukkottai,2663.48,2752.17,3241.14,3152.64,-0.032,-0.178,-0.155
2026,4,April,3,Ramanathapuram,2930.57,2934.27,2692.81,3539.94,-0.001,0.088,-0.172
2026,4,April,3,Ranipet,1984.57,1970.18,2329.31,2579.87,0.007,-0.148,-0.231
2026,4,April,3,Salem,2753.35,2745.9,2724.75,3000.0,0.003,0.011,-0.082
2026,4,April,3,Sivaganga,2414.89,2483.36,2937.36,3369.63,-0.028,-0.178,-0.283
2026,4,April,3,Tenkasi,2671.27,2749.64,2943.07,3064.56,-0.029,-0.092,-0.128
2026,4,April,3,Thanjavur,2681.33,2717.95,2737.48,3070.17,-0.014,-0.02,-0.127
2026,4,April,3,The Nilgiris,2602.28,2556.02,2653.6,2999.53,0.018,-0.019,-0.132
2026,4,April,3,Theni,2437.28,2441.18,2466.83,2436.25,-0.002,-0.012,
2026,4,April,3,Thiruchirappalli,2507.19,2576.53,2804.23,3056.7,-0.027,-0.106,-0.18
2026,4,April,3,Thirunelveli,2060.03,2057.87,2309.14,2337.48,0.001,-0.108,-0.119
2026,4,April,3,Thirupathur,2308.0,2610.0,2573.15,3369.42,-0.116,-0.103,-0.315
2026,4,April,3,Thirupur,2275.93,2357.54,2448.26,2754.71,-0.035,-0.07,-0.174
2026,4,April,3,Thiruvannamalai,2274.96,2242.7,2248.33,2769.46,0.014,0.012,-0.179
2026,4,April,3,Thiruvarur,3041.98,3053.88,3040.88,3614.72,-0.004,,-0.158
2026,4,April,3,Thiruvellore,2173.32,2085.46,2210.13,3167.7,0.042,-0.017,-0.314
2026,4,April,3,Tuticorin,2876.67,2797.91,2765.51,3697.47,0.028,0.04,-0.222
2026,4,April,3,Vellore,2290.05,2299.11,2421.71,2625.52,-0.004,-0.054,-0.128
2026,4,April,3,Villupuram,2562.58,2641.64,2647.49,3365.79,-0.03,-0.032,-0.239
2026,4,April,3,Virudhunagar,2492.88,2642.29,2569.04,2975.09,-0.057,-0.03,-0.162
2026,4,April,4,Ariyalur,2267.6,2278.31,2285.85,3196.71,-0.005,-0.008,-0.291
2026,4,April,4,Chengalpattu,2648.1,2630.84,2652.81,2910.68,0.007,-0.002,-0.09
2026,4,April,4,Coimbatore,1988.5,2018.69,2086.69,2258.32,-0.015,-0.047,-0.119
2026,4,April,4,Cuddalore,2529.62,2502.12,2507.38,2845.54,0.011,0.009,-0.111
2026,4,April,4,Dharmapuri,2328.44,2315.13,2480.32,2831.88,0.006,-0.061,-0.178
2026,4,April,4,Dindigul,2449.9,2537.74,2567.27,2859.04,-0.035,-0.046,-0.143
2026,4,April,4,Erode,2255.74,2365.48,2654.39,2733.44,-0.046,-0.15,-0.175
2026,4,April,4,Kallakuruchi,3000.0,3000.0,3372.24,2925.39,,-0.11,0.025
2026,4,April,4,Kancheepuram,2427.38,2346.08,2405.33,2841.95,0.035,0.009,-0.146
2026,4,April,4,Karur,2376.99,2435.6,2884.01,2897.68,-0.024,-0.176,-0.18
2026,4,April,4,Krishnagiri,2127.09,2101.48,2273.15,2559.25,0.012,-0.064,-0.169
2026,4,April,4,Madurai,2346.76,2268.32,2662.04,3000.0,0.035,-0.118,-0.218
2026,4,April,4,Nagapattinam,2747.81,2687.58,2820.72,2972.96,0.022,-0.026,-0.076
2026,4,April,4,Nagercoil (Kannyiakumari),2936.15,2940.96,2960.34,3000.0,-0.002,-0.008,-0.021
2026,4,April,4,Namakkal,2460.62,2435.35,2584.86,2987.81,0.01,-0.048,-0.176
2026,4,April,4,Perambalur,2611.97,2655.05,2777.97,2887.76,-0.016,-0.06,-0.096
2026,4,April,4,Pudukkottai,2662.39,2663.48,3280.81,3363.56,,-0.189,-0.209
2026,4,April,4,Ramanathapuram,3354.03,2930.57,2810.59,3545.79,0.144,0.193,-0.054
2026,4,April,4,Ranipet,1921.82,1984.57,2060.12,2530.8,-0.032,-0.067,-0.241
2026,4,April,4,Salem,2748.1,2753.35,2765.39,3000.0,-0.002,-0.006,-0.084
2026,4,April,4,Sivaganga,2422.77,2414.89,2865.24,3339.59,0.003,-0.154,-0.274
2026,4,April,4,Tenkasi,2634.95,2671.27,2976.51,3011.59,-0.014,-0.115,-0.125
2026,4,April,4,Thanjavur,2699.31,2681.33,2723.02,3203.27,0.007,-0.009,-0.157
2026,4,April,4,The Nilgiris,2408.41,2602.28,2605.47,3049.74,-0.075,-0.076,-0.21
2026,4,April,4,Theni,2437.76,2437.28,2455.43,2430.77,,-0.007,0.003
2026,4,April,4,Thiruchirappalli,2535.61,2507.19,2726.6,3007.62,0.011,-0.07,-0.157
2026,4,April,4,Thirunelveli,2030.56,2060.03,2210.24,2386.14,-0.014,-0.081,-0.149
2026,4,April,4,Thirupathur,2149.31,2308.0,2609.01,3253.73,-0.069,-0.176,-0.339
2026,4,April,4,Thirupur,2242.04,2275.93,2385.71,2696.48,-0.015,-0.06,-0.169
2026,4,April,4,Thiruvannamalai,2235.93,2274.96,2243.52,2664.84,-0.017,-0.003,-0.161
2026,4,April,4,Thiruvarur,3017.5,3041.98,3043.91,3497.6,-0.008,-0.009,-0.137
2026,4,April,4,Thiruvellore,2296.15,2173.32,2161.4,2848.43,0.057,0.062,-0.194
2026,4,April,4,Tuticorin,2764.3,2876.67,2792.21,3752.4,-0.039,-0.01,-0.263
2026,4,April,4,Vellore,2200.48,2290.05,2308.81,2473.95,-0.039,-0.047,-0.111
2026,4,April,4,Villupuram,2483.9,2562.58,2721.29,3238.14,-0.031,-0.087,-0.233
2026,4,April,4,Virudhunagar,2485.67,2492.88,2506.42,2936.75,-0.003,-0.008,-0.154
2026,5,May,1,Ariyalur,2400.48,2267.6,2335.29,3135.19,0.059,0.028,-0.234
2026,5,May,1,Chengalpattu,2805.25,2648.1,2384.28,2896.75,0.059,0.177,-0.032
2026,5,May,1,Coimbatore,2133.23,1988.5,2074.22,2237.35,0.073,0.028,-0.047
2026,5,May,1,Cuddalore,2564.23,2529.62,2512.54,2817.17,0.014,0.021,-0.09
2026,5,May,1,Dharmapuri,2344.91,2328.44,2455.6,2560.05,0.007,-0.045,-0.084
2026,5,May,1,Dindigul,2474.73,2449.9,2467.42,2792.07,0.01,0.003,-0.114
2026,5,May,1,Erode,2494.18,2255.74,2521.73,2789.95,0.106,-0.011,-0.106
2026,5,May,1,Kallakuruchi,3000.0,3000.0,3000.0,2500.0,,,0.2
2026,5,May,1,Kancheepuram,2562.46,2427.38,2425.44,3022.5,0.056,0.057,-0.152
2026,5,May,1,Karur,2432.64,2376.99,2903.3,2853.15,0.023,-0.162,-0.147
2026,5,May,1,Krishnagiri,2078.55,2127.09,2117.09,2532.77,-0.023,-0.018,-0.179
2026,5,May,1,Madurai,2413.89,2346.76,2436.76,2894.29,0.029,-0.009,-0.166
2026,5,May,1,Nagapattinam,2833.85,2747.81,2652.58,2948.84,0.031,0.068,-0.039
2026,5,May,1,Nagercoil (Kannyiakumari),2839.59,2936.15,3015.17,3000.0,-0.033,-0.058,-0.053
2026,5,May,1,Namakkal,2497.57,2460.62,2578.11,2865.46,0.015,-0.031,-0.128
2026,5,May,1,Perambalur,2979.44,2611.97,2610.96,2949.57,0.141,0.141,0.01
2026,5,May,1,Pudukkottai,2983.84,2662.39,2964.35,3285.95,0.121,0.007,-0.092
2026,5,May,1,Ramanathapuram,3798.15,3354.03,2801.88,3477.42,0.132,0.356,0.092
2026,5,May,1,Ranipet,2078.71,1921.82,2006.54,2519.18,0.082,0.036,-0.175
2026,5,May,1,Salem,2734.97,2748.1,2720.14,3000.0,-0.005,0.006,-0.088
2026,5,May,1,Sivaganga,2433.57,2422.77,2749.32,3180.96,0.005,-0.115,-0.235
2026,5,May,1,Tenkasi,2797.52,2634.95,2643.52,2992.02,0.062,0.058,-0.065
2026,5,May,1,Thanjavur,2757.85,2699.31,2691.0,3074.96,0.022,0.025,-0.103
2026,5,May,1,The Nilgiris,2522.97,2408.41,2589.36,2990.4,0.048,-0.026,-0.156
2026,5,May,1,Theni,2451.52,2437.76,2442.81,2339.11,0.006,0.004,0.048
2026,5,May,1,Thiruchirappalli,2708.61,2535.61,2606.16,3000.0,0.068,0.039,-0.097
2026,5,May,1,Thirunelveli,2207.03,2030.56,2128.92,2300.0,0.087,0.037,-0.04
2026,5,May,1,Thirupathur,2191.92,2149.31,2539.16,3191.92,0.02,-0.137,-0.313
2026,5,May,1,Thirupur,2381.89,2242.04,2396.42,2476.4,0.062,-0.006,-0.038
2026,5,May,1,Thiruvannamalai,2271.6,2235.93,2271.11,2491.16,0.016,,-0.088
2026,5,May,1,Thiruvarur,3142.23,3017.5,3047.11,3485.91,0.041,0.031,-0.099
2026,5,May,1,Thiruvellore,2355.62,2296.15,2086.04,3138.78,0.026,0.129,-0.249
2026,5,May,1,Tuticorin,2795.91,2764.3,2832.99,2903.36,0.011,-0.013,-0.037
2026,5,May,1,Vellore,2375.02,2200.48,2299.09,2367.19,0.079,0.033,0.003
2026,5,May,1,Villupuram,2474.91,2483.9,2633.74,2890.89,-0.004,-0.06,-0.144
2026,5,May,1,Virudhunagar,2504.18,2485.67,2579.73,2948.62,0.007,-0.029,-0.151
2026,5,May,2,Ariyalur,2528.18,2400.48,2304.92,3147.66,0.053,0.097,-0.197
2026,5,May,2,Chengalpattu,2668.66,2805.25,2505.48,2867.03,-0.049,0.065,-0.069
2026,5,May,2,Coimbatore,2146.79,2133.23,2068.81,2273.32,0.006,0.038,-0.056
2026,5,May,2,Cuddalore,2568.77,2564.23,2559.03,2852.31,0.002,0.004,-0.099
2026,5,May,2,Dharmapuri,2419.8,2344.91,2374.35,2487.64,0.032,0.019,-0.027
2026,5,May,2,Dindigul,2442.47,2474.73,2391.48,2916.19,-0.013,0.021,-0.162
2026,5,May,2,Erode,2522.74,2494.18,2406.98,2598.85,0.011,0.048,-0.029
2026,5,May,2,Kallakuruchi,3000.0,3000.0,3000.0,2746.27,,,0.092
2026,5,May,2,Kancheepuram,2499.26,2562.46,2410.13,2884.34,-0.025,0.037,-0.133
2026,5,May,2,Karur,2463.63,2432.64,2804.16,2719.04,0.013,-0.121,-0.094
2026,5,May,2,Krishnagiri,2076.14,2078.55,2106.29,2536.8,-0.001,-0.014,-0.182
2026,5,May,2,Madurai,2387.25,2413.89,2298.29,2858.68,-0.011,0.039,-0.165
2026,5,May,2,Nagapattinam,2935.73,2833.85,2676.11,2987.85,0.036,0.097,-0.017
2026,5,May,2,Nagercoil (Kannyiakumari),2963.04,2839.59,2886.23,2891.06,0.043,0.027,0.025
2026,5,May,2,Namakkal,2535.8,2497.57,2475.76,2753.83,0.015,0.024,-0.079
2026,5,May,2,Perambalur,2898.18,2979.44,2668.7,3117.53,-0.027,0.086,-0.07
2026,5,May,2,Pudukkottai,3063.14,2983.84,2752.17,3012.7,0.027,0.113,0.017
2026,5,May,2,Ramanathapuram,3872.89,3798.15,2934.27,3500.0,0.02,0.32,0.107
2026,5,May,2,Ranipet,2101.17,2078.71,1970.18,2500.0,0.011,0.067,-0.159
2026,5,May,2,Salem,2732.39,2734.97,2745.9,3000.0,-0.001,-0.005,-0.089
2026,5,May,2,Sivaganga,2494.8,2433.57,2483.36,3124.38,0.025,0.005,-0.201
2026,5,May,2,Tenkasi,2761.8,2797.52,2749.64,2974.49,-0.013,0.004,-0.072
2026,5,May,2,Thanjavur,2771.5,2757.85,2717.95,3118.36,0.005,0.02,-0.111
2026,5,May,2,The Nilgiris,2556.36,2522.97,2556.02,3130.23,0.013,,-0.183
2026,5,May,2,Theni,2454.39,2451.52,2441.18,2437.87,0.001,0.005,0.007
2026,5,May,2,Thiruchirappalli,2724.08,2708.61,2576.53,3000.0,0.006,0.057,-0.092
2026,5,May,2,Thirunelveli,2244.97,2207.03,2057.87,2483.09,0.017,0.091,-0.096
2026,5,May,2,Thirupathur,2463.96,2191.92,2610.0,3047.94,0.124,-0.056,-0.192
2026,5,May,2,Thirupur,2559.17,2381.89,2357.54,2455.43,0.074,0.086,0.042
2026,5,May,2,Thiruvannamalai,2262.72,2271.6,2242.7,2456.17,-0.004,0.009,-0.079
2026,5,May,2,Thiruvarur,3215.88,3142.23,3053.88,3468.84,0.023,0.053,-0.073
2026,5,May,2,Thiruvellore,3026.08,2355.62,2085.46,2971.86,0.285,0.451,0.018
2026,5,May,2,Tuticorin,3288.63,2795.91,2797.91,2963.59,0.176,0.175,0.11
2026,5,May,2,Vellore,2290.01,2375.02,2299.11,2307.92,-0.036,-0.004,-0.008
2026,5,May,2,Villupuram,2481.79,2474.91,2641.64,2756.69,0.003,-0.06,-0.1
2026,5,May,2,Virudhunagar,2583.55,2504.18,2642.29,2976.37,0.032,-0.022,-0.132
2026,5,May,3,Ariyalur,2481.41,2528.18,2278.31,3138.8,-0.019,0.089,-0.209
2026,5,May,3,Chengalpattu,2720.22,2668.66,2630.84,2799.57,0.019,0.034,-0.028
2026,5,May,3,Coimbatore,2103.47,2146.79,2018.69,2261.6,-0.02,0.042,-0.07
2026,5,May,3,Cuddalore,2585.03,2568.77,2502.12,2846.15,0.006,0.033,-0.092
2026,5,May,3,Dharmapuri,2336.61,2419.8,2315.13,2600.87,-0.034,0.009,-0.102
2026,5,May,3,Dindigul,2600.54,2442.47,2537.74,2848.11,0.065,0.025,-0.087
2026,5,May,3,Erode,2527.36,2522.74,2365.48,2605.95,0.002,0.068,-0.03
2026,5,May,3,Kallakuruchi,3000.0,3000.0,3000.0,3000.0,,,
2026,5,May,3,Kancheepuram,2491.02,2499.26,2346.08,2591.64,-0.003,0.062,-0.039
2026,5,May,3,Karur,2448.2,2463.63,2435.6,2682.1,-0.006,0.005,-0.087
2026,5,May,3,Krishnagiri,2106.71,2076.14,2101.48,2533.0,0.015,0.002,-0.168
2026,5,May,3,Madurai,2517.91,2387.25,2268.32,2888.43,0.055,0.11,-0.128
2026,5,May,3,Nagapattinam,2735.95,2935.73,2687.58,2930.46,-0.068,0.018,-0.066
2026,5,May,3,Nagercoil (Kannyiakumari),2653.32,2963.04,2940.96,3000.0,-0.104,-0.098,-0.116
2026,5,May,3,Namakkal,2534.97,2535.8,2435.35,2813.2,,0.041,-0.099
2026,5,May,3,Perambalur,2857.6,2898.18,2655.05,2880.0,-0.014,0.076,-0.008
2026,5,May,3,Pudukkottai,2994.8,3063.14,2663.48,3000.0,-0.022,0.124,-0.002
2026,5,May,3,Ramanathapuram,3922.54,3872.89,2930.57,3500.0,0.013,0.339,0.121
2026,5,May,3,Ranipet,2066.81,2101.17,1984.57,2390.91,-0.016,0.041,-0.136
2026,5,May,3,Salem,2727.63,2732.39,2753.35,2993.81,-0.002,-0.009,-0.089
2026,5,May,3,Sivaganga,2602.32,2494.8,2414.89,3171.47,0.043,0.078,-0.179
2026,5,May,3,Tenkasi,2906.37,2761.8,2671.27,2982.63,0.052,0.088,-0.026
2026,5,May,3,Thanjavur,2793.92,2771.5,2681.33,3073.2,0.008,0.042,-0.091
2026,5,May,3,The Nilgiris,2570.56,2556.36,2602.28,2967.27,0.006,-0.012,-0.134
2026,5,May,3,Theni,2454.77,2454.39,2437.28,2437.68,,0.007,0.007
2026,5,May,3,Thiruchirappalli,2736.25,2724.08,2507.19,3052.22,0.005,0.091,-0.103
2026,5,May,3,Thirunelveli,2241.76,2244.97,2060.03,2400.0,-0.001,0.088,-0.066
2026,5,May,3,Thirupathur,2393.3,2463.96,2308.0,2871.62,-0.029,0.037,-0.167
2026,5,May,3,Thirupur,2668.78,2559.17,2275.93,2433.96,0.043,0.173,0.097
2026,5,May,3,Thiruvannamalai,2241.48,2262.72,2274.96,2454.47,-0.009,-0.015,-0.087
2026,5,May,3,Thiruvarur,3214.37,3215.88,3041.98,3459.31,-0.001,0.057,-0.071
2026,5,May,3,Thiruvellore,2936.75,3026.08,2173.32,2663.01,-0.03,0.351,0.103
2026,5,May,3,Tuticorin,3255.22,3288.63,2876.67,2974.83,-0.01,0.132,0.094
2026,5,May,3,Vellore,2380.98,2290.01,2290.05,2369.88,0.04,0.04,0.005
2026,5,May,3,Villupuram,2529.27,2481.79,2562.58,2754.48,0.019,-0.013,-0.082
2026,5,May,3,Virudhunagar,2546.63,2583.55,2492.88,2992.45,-0.014,0.022,-0.149
2026,5,May,4,Ariyalur,2654.36,2481.41,2267.6,3139.8,0.07,0.171,-0.155
2026,5,May,4,Chengalpattu,2655.84,2720.22,2648.1,2817.18,-0.024,0.003,-0.057
2026,5,May,4,Coimbatore,2223.18,2103.47,1988.5,2321.31,0.057,0.118,-0.042
2026,5,May,4,Cuddalore,2546.88,2585.03,2529.62,2844.74,-0.015,0.007,-0.105
2026,5,May,4,Dharmapuri,2348.6,2336.61,2328.44,2632.06,0.005,0.009,-0.108
2026,5,May,4,Dindigul,2706.09,2600.54,2449.9,2890.63,0.041,0.105,-0.064
2026,5,May,4,Erode,2444.15,2527.36,2255.74,2589.32,-0.033,0.083,-0.056
2026,5,May,4,Kallakuruchi,3198.43,3000.0,3000.0,3000.0,0.066,0.066,0.066
2026,5,May,4,Kancheepuram,2550.2,2491.02,2427.38,2532.47,0.024,0.051,0.007
2026,5,May,4,Karur,2486.32,2448.2,2376.99,2694.63,0.016,0.046,-0.077
2026,5,May,4,Krishnagiri,2268.9,2106.71,2127.09,2750.22,0.077,0.067,-0.175
2026,5,May,4,Madurai,2584.48,2517.91,2346.76,3012.52,0.026,0.101,-0.142
2026,5,May,4,Nagapattinam,2896.94,2735.95,2747.81,2924.32,0.059,0.054,-0.009
2026,5,May,4,Nagercoil (Kannyiakumari),2643.24,2653.32,2936.15,3500.0,-0.004,-0.1,-0.245
2026,5,May,4,Namakkal,2522.46,2534.97,2460.62,2819.48,-0.005,0.025,-0.105
2026,5,May,4,Perambalur,2958.52,2857.6,2611.97,3069.29,0.035,0.133,-0.036
2026,5,May,4,Pudukkottai,3204.89,2994.8,2662.39,3045.45,0.07,0.204,0.052
2026,5,May,4,Ramanathapuram,3900.98,3922.54,3354.03,3371.43,-0.006,0.163,0.157
2026,5,May,4,Ranipet,2272.37,2066.81,1921.82,2461.71,0.099,0.182,-0.077
2026,5,May,4,Salem,2735.94,2727.63,2748.1,3155.42,0.003,-0.004,-0.133
2026,5,May,4,Sivaganga,2699.69,2602.32,2422.77,3266.98,0.037,0.114,-0.174
2026,5,May,4,Tenkasi,2925.71,2906.37,2634.95,3068.43,0.007,0.11,-0.047
2026,5,May,4,Thanjavur,2805.71,2793.92,2699.31,3012.61,0.004,0.039,-0.069
2026,5,May,4,The Nilgiris,2645.64,2570.56,2408.41,2960.42,0.029,0.098,-0.106
2026,5,May,4,Theni,2472.63,2454.77,2437.76,2639.26,0.007,0.014,-0.063
2026,5,May,4,Thiruchirappalli,2734.34,2736.25,2535.61,3149.16,-0.001,0.078,-0.132
2026,5,May,4,Thirunelveli,2267.72,2241.76,2030.56,2535.94,0.012,0.117,-0.106
2026,5,May,4,Thirupathur,2391.93,2393.3,2149.31,2857.38,-0.001,0.113,-0.163
2026,5,May,4,Thirupur,2535.91,2668.78,2242.04,2481.16,-0.05,0.131,0.022
2026,5,May,4,Thiruvannamalai,2279.79,2241.48,2235.93,2565.76,0.017,0.02,-0.112
2026,5,May,4,Thiruvarur,3274.3,3214.37,3017.5,3569.34,0.019,0.085,-0.083
2026,5,May,4,Thiruvellore,2974.12,2936.75,2296.15,2728.21,0.013,0.295,0.09
2026,5,May,4,Tuticorin,3178.57,3255.22,2764.3,2960.75,-0.024,0.15,0.074
2026,5,May,4,Vellore,2396.9,2380.98,2200.48,2552.34,0.007,0.089,-0.061
2026,5,May,4,Villupuram,2483.74,2529.27,2483.9,2784.43,-0.018,,-0.108
2026,5,May,4,Virudhunagar,2448.39,2546.63,2485.67,2998.94,-0.039,-0.015,-0.184
2026,6,June,1,Ariyalur,2506.91,2654.36,2400.48,2730.95,-0.056,0.044,-0.082
2026,6,June,1,Chengalpattu,3033.92,2655.84,2805.25,2893.49,0.142,0.082,0.048
2026,6,June,1,Coimbatore,2381.49,2223.18,2133.23,2581.48,0.071,0.116,-0.078
2026,6,June,1,Cuddalore,2551.28,2546.88,2564.23,2870.0,0.002,-0.005,-0.111
2026,6,June,1,Dharmapuri,2685.34,2348.6,2344.91,2730.34,0.143,0.145,-0.016
2026,6,June,1,Dindigul,2725.09,2706.09,2474.73,3020.49,0.007,0.101,-0.098
2026,6,June,1,Erode,2777.33,2444.15,2494.18,2740.32,0.136,0.113,0.014
2026,6,June,1,Kallakuruchi,3297.7,3198.43,3000.0,3378.38,0.031,0.099,-0.024
2026,6,June,1,Kancheepuram,2696.43,2550.2,2562.46,2528.04,0.057,0.052,0.067
2026,6,June,1,Karur,2731.42,2486.32,2432.64,3000.0,0.099,0.123,-0.089
2026,6,June,1,Krishnagiri,2655.2,2268.9,2078.55,2824.25,0.17,0.277,-0.06
2026,6,June,1,Madurai,2655.14,2584.48,2413.89,3090.99,0.027,0.1,-0.141
2026,6,June,1,Nagapattinam,2778.19,2896.94,2833.85,2737.48,-0.041,-0.02,0.015
2026,6,June,1,Nagercoil (Kannyiakumari),2985.11,2643.24,2839.59,3500.0,0.129,0.051,-0.147
2026,6,June,1,Namakkal,2706.25,2522.46,2497.57,2905.26,0.073,0.084,-0.068
2026,6,June,1,Perambalur,3207.35,2958.52,2979.44,3180.34,0.084,0.077,0.008
2026,6,June,1,Pudukkottai,3528.24,3204.89,2983.84,3155.71,0.101,0.182,0.118
2026,6,June,1,Ramanathapuram,3897.04,3900.98,3798.15,3372.67,-0.001,0.026,0.156
2026,6,June,1,Ranipet,2411.21,2272.37,2078.71,2800.0,0.061,0.16,-0.139
2026,6,June,1,Salem,3035.34,2735.94,2734.97,3451.47,0.109,0.11,-0.121
2026,6,June,1,Sivaganga,2840.03,2699.69,2433.57,3398.98,0.052,0.167,-0.164
2026,6,June,1,Tenkasi,2926.56,2925.71,2797.52,3228.37,,0.046,-0.093
2026,6,June,1,Thanjavur,2878.7,2805.71,2757.85,3184.39,0.026,0.044,-0.096
2026,6,June,1,The Nilgiris,3108.07,2645.64,2522.97,3310.07,0.175,0.232,-0.061
2026,6,June,1,Theni,2662.91,2472.63,2451.52,2873.82,0.077,0.086,-0.073
2026,6,June,1,Thiruchirappalli,3060.06,2734.34,2708.61,3426.72,0.119,0.13,-0.107
2026,6,June,1,Thirunelveli,2584.03,2267.72,2207.03,2700.0,0.139,0.171,-0.043
2026,6,June,1,Thirupathur,2570.45,2391.93,2191.92,2764.04,0.075,0.173,-0.07
2026,6,June,1,Thirupur,2654.94,2535.91,2381.89,2591.43,0.047,0.115,0.025
2026,6,June,1,Thiruvannamalai,2553.78,2279.79,2271.6,2855.94,0.12,0.124,-0.106
2026,6,June,1,Thiruvarur,3454.42,3274.3,3142.23,3745.21,0.055,0.099,-0.078
2026,6,June,1,Thiruvellore,3041.84,2974.12,2355.62,2830.92,0.023,0.291,0.075
2026,6,June,1,Tuticorin,3244.81,3178.57,2795.91,3038.25,0.021,0.161,0.068
2026,6,June,1,Vellore,2556.34,2396.9,2375.02,2643.85,0.067,0.076,-0.033
2026,6,June,1,Villupuram,2792.03,2483.74,2474.91,3077.41,0.124,0.128,-0.093
2026,6,June,1,Virudhunagar,2721.22,2448.39,2504.18,3030.48,0.111,0.087,-0.102
2026,6,June,2,Ariyalur,2662.98,2506.91,2528.18,2793.22,0.062,0.053,-0.047
2026,6,June,2,Chengalpattu,3129.78,3033.92,2668.66,2870.61,0.032,0.173,0.09
2026,6,June,2,Coimbatore,2499.88,2381.49,2146.79,2728.05,0.05,0.164,-0.084
2026,6,June,2,Cuddalore,2624.34,2551.28,2568.77,3221.48,0.029,0.022,-0.185
2026,6,June,2,Dharmapuri,2839.54,2685.34,2419.8,2922.81,0.057,0.174,-0.029
2026,6,June,2,Dindigul,2854.05,2725.09,2442.47,3113.78,0.047,0.169,-0.083
2026,6,June,2,Erode,2998.53,2777.33,2522.74,2899.47,0.08,0.189,0.034
2026,6,June,2,Kallakuruchi,3410.77,3297.7,3000.0,3459.65,0.034,0.137,-0.014
2026,6,June,2,Kancheepuram,2646.83,2696.43,2499.26,2616.94,-0.018,0.059,0.011
2026,6,June,2,Karur,2775.54,2731.42,2463.63,3116.78,0.016,0.127,-0.109
2026,6,June,2,Krishnagiri,2683.85,2655.2,2076.14,2928.01,0.011,0.293,-0.083
2026,6,June,2,Madurai,2713.33,2655.14,2387.25,3260.2,0.022,0.137,-0.168
2026,6,June,2,Nagapattinam,2751.89,2778.19,2935.73,2834.38,-0.009,-0.063,-0.029
2026,6,June,2,Nagercoil (Kannyiakumari),3487.9,2985.11,2963.04,3900.0,0.168,0.177,-0.106
2026,6,June,2,Namakkal,2842.25,2706.25,2535.8,3235.07,0.05,0.121,-0.121
2026,6,June,2,Perambalur,3300.0,3207.35,2898.18,3527.45,0.029,0.139,-0.065
2026,6,June,2,Pudukkottai,3661.64,3528.24,3063.14,3077.49,0.038,0.195,0.19
2026,6,June,2,Ramanathapuram,3872.49,3897.04,3872.89,3500.0,-0.006,,0.106
2026,6,June,2,Ranipet,2676.87,2411.21,2101.17,2847.3,0.11,0.274,-0.06
2026,6,June,2,Salem,3189.58,3035.34,2732.39,3600.04,0.051,0.167,-0.114
2026,6,June,2,Sivaganga,2795.95,2840.03,2494.8,3444.88,-0.016,0.121,-0.188
2026,6,June,2,Tenkasi,2994.74,2926.56,2761.8,3268.73,0.023,0.084,-0.084
2026,6,June,2,Thanjavur,3113.18,2878.7,2771.5,3255.71,0.082,0.123,-0.044
2026,6,June,2,The Nilgiris,3029.43,3108.07,2556.36,3419.3,-0.025,0.185,-0.114
2026,6,June,2,Theni,2717.27,2662.91,2454.39,2961.22,0.02,0.107,-0.082
2026,6,June,2,Thiruchirappalli,3080.61,3060.06,2724.08,3468.66,0.007,0.131,-0.112
2026,6,June,2,Thirunelveli,2572.82,2584.03,2244.97,2950.78,-0.004,0.146,-0.128
2026,6,June,2,Thirupathur,2712.21,2570.45,2463.96,2780.06,0.055,0.101,-0.024
2026,6,June,2,Thirupur,2840.39,2654.94,2559.17,2644.02,0.07,0.11,0.074
2026,6,June,2,Thiruvannamalai,2621.29,2553.78,2262.72,2886.55,0.026,0.158,-0.092
2026,6,June,2,Thiruvarur,3569.95,3454.42,3215.88,3724.46,0.033,0.11,-0.042
2026,6,June,2,Thiruvellore,3034.93,3041.84,3026.08,2946.9,-0.002,0.003,0.03
2026,6,June,2,Tuticorin,3298.42,3244.81,3288.63,3074.89,0.016,0.003,0.073
2026,6,June,2,Vellore,2699.86,2556.34,2290.01,2859.62,0.056,0.179,-0.056
2026,6,June,2,Villupuram,2952.86,2792.03,2481.79,3218.61,0.058,0.19,-0.083
2026,6,June,2,Virudhunagar,2796.19,2721.22,2583.55,3092.65,0.028,0.082,-0.096
2026,6,June,3,Ariyalur,3101.23,2662.98,2481.41,3463.4,0.165,0.25,-0.105
2026,6,June,3,Chengalpattu,3136.75,3129.78,2720.22,2867.32,0.002,0.153,0.094
2026,6,June,3,Coimbatore,2530.69,2499.88,2103.47,2805.37,0.012,0.203,-0.098
2026,6,June,3,Cuddalore,2620.72,2624.34,2585.03,3257.02,-0.001,0.014,-0.195
2026,6,June,3,Dharmapuri,2847.42,2839.54,2336.61,3368.48,0.003,0.219,-0.155
2026,6,June,3,Dindigul,2925.87,2854.05,2600.54,3367.75,0.025,0.125,-0.131
2026,6,June,3,Erode,3165.18,2998.53,2527.36,3222.25,0.056,0.252,-0.018
2026,6,June,3,Kallakuruchi,3500.0,3410.77,3000.0,3500.0,0.026,0.167,
2026,6,June,3,Kancheepuram,2607.31,2646.83,2491.02,2890.57,-0.015,0.047,-0.098
2026,6,June,3,Karur,2863.07,2775.54,2448.2,3437.74,0.031,0.169,-0.167
2026,6,June,3,Krishnagiri,2827.61,2683.85,2106.71,2954.1,0.054,0.342,-0.043
2026,6,June,3,Madurai,2847.77,2713.33,2517.91,3433.78,0.05,0.131,-0.171
2026,6,June,3,Nagapattinam,2815.22,2751.89,2735.95,2922.37,0.023,0.029,-0.037
2026,6,June,3,Nagercoil (Kannyiakumari),3776.44,3487.9,2653.32,3964.68,0.083,0.423,-0.048
2026,6,June,3,Namakkal,2907.95,2842.25,2534.97,3556.55,0.023,0.147,-0.182
2026,6,June,3,Perambalur,3480.21,3300.0,2857.6,3519.19,0.055,0.218,-0.011
2026,6,June,3,Pudukkottai,3661.94,3661.64,2994.8,3265.23,,0.223,0.122
2026,6,June,3,Ramanathapuram,4002.83,3872.49,3922.54,3351.52,0.034,0.02,0.194
2026,6,June,3,Ranipet,2722.55,2676.87,2066.81,2856.51,0.017,0.317,-0.047
2026,6,June,3,Salem,3187.54,3189.58,2727.63,3765.59,-0.001,0.169,-0.153
2026,6,June,3,Sivaganga,2932.87,2795.95,2602.32,3596.56,0.049,0.127,-0.184
2026,6,June,3,Tenkasi,2904.16,2994.74,2906.37,3268.46,-0.03,-0.001,-0.112
2026,6,June,3,Thanjavur,3152.31,3113.18,2793.92,3520.57,0.013,0.128,-0.105
2026,6,June,3,The Nilgiris,3183.27,3029.43,2570.56,3414.21,0.051,0.238,-0.068
2026,6,June,3,Theni,2839.03,2717.27,2454.77,3038.41,0.045,0.157,-0.066
2026,6,June,3,Thiruchirappalli,3251.84,3080.61,2736.25,3577.47,0.056,0.188,-0.091
2026,6,June,3,Thirunelveli,2814.81,2572.82,2241.76,3045.43,0.094,0.256,-0.076
2026,6,June,3,Thirupathur,2644.58,2712.21,2393.3,3056.97,-0.025,0.105,-0.135
2026,6,June,3,Thirupur,2708.35,2840.39,2668.78,2721.33,-0.047,0.015,-0.005
2026,6,June,3,Thiruvannamalai,2773.81,2621.29,2241.48,2908.18,0.058,0.238,-0.046
2026,6,June,3,Thiruvarur,3458.73,3569.95,3214.37,3927.62,-0.031,0.076,-0.119
2026,6,June,3,Thiruvellore,3000.0,3034.93,2936.75,2916.65,-0.011,0.021,0.029
2026,6,June,3,Tuticorin,3349.34,3298.42,3255.22,3064.72,0.015,0.029,0.093
2026,6,June,3,Vellore,2825.4,2699.86,2380.98,2929.11,0.047,0.187,-0.035
2026,6,June,3,Villupuram,3041.53,2952.86,2529.27,3306.31,0.03,0.202,-0.08
2026,6,June,3,Virudhunagar,2928.76,2796.19,2546.63,3152.91,0.047,0.15,-0.071
2026,6,June,4,Ariyalur,3264.86,3101.23,2654.36,3437.77,0.053,0.23,-0.05
2026,6,June,4,Chengalpattu,3115.01,3136.75,2655.84,2947.62,-0.007,0.173,0.057
2026,6,June,4,Coimbatore,2856.2,2530.69,2223.18,2647.74,0.129,0.285,0.079
2026,6,June,4,Cuddalore,2861.55,2620.72,2546.88,3300.37,0.092,0.124,-0.133
2026,6,June,4,Dharmapuri,3072.59,2847.42,2348.6,3289.28,0.079,0.308,-0.066
2026,6,June,4,Dindigul,3180.7,2925.87,2706.09,3363.16,0.087,0.175,-0.054
2026,6,June,4,Erode,3300.42,3165.18,2444.15,3097.76,0.043,0.35,0.065
2026,6,June,4,Kallakuruchi,3566.95,3500.0,3198.43,3500.0,0.019,0.115,0.019
2026,6,June,4,Kancheepuram,2618.73,2607.31,2550.2,2875.17,0.004,0.027,-0.089
2026,6,June,4,Karur,3291.96,2863.07,2486.32,3352.55,0.15,0.324,-0.018
2026,6,June,4,Krishnagiri,3262.47,2827.61,2268.9,2936.87,0.154,0.438,0.111
2026,6,June,4,Madurai,3184.29,2847.77,2584.48,3384.46,0.118,0.232,-0.059
2026,6,June,4,Nagapattinam,2705.57,2815.22,2896.94,2971.26,-0.039,-0.066,-0.089
2026,6,June,4,Nagercoil (Kannyiakumari),3909.22,3776.44,2643.24,3500.0,0.035,0.479,0.117
2026,6,June,4,Namakkal,3006.82,2907.95,2522.46,3557.46,0.034,0.192,-0.155
2026,6,June,4,Perambalur,3847.75,3480.21,2958.52,3487.88,0.106,0.301,0.103
2026,6,June,4,Pudukkottai,3827.61,3661.94,3204.89,3192.27,0.045,0.194,0.199
2026,6,June,4,Ramanathapuram,4045.99,4002.83,3900.98,3386.18,0.011,0.037,0.195
2026,6,June,4,Ranipet,2960.24,2722.55,2272.37,2889.23,0.087,0.303,0.025
2026,6,June,4,Salem,3320.54,3187.54,2735.94,3682.33,0.042,0.214,-0.098
2026,6,June,4,Sivaganga,3259.73,2932.87,2699.69,3591.64,0.111,0.207,-0.092
2026,6,June,4,Tenkasi,3006.99,2904.16,2925.71,3268.49,0.035,0.028,-0.08
2026,6,June,4,Thanjavur,3199.96,3152.31,2805.71,3474.21,0.015,0.141,-0.079
2026,6,June,4,The Nilgiris,3526.0,3183.27,2645.64,3368.4,0.108,0.333,0.047
2026,6,June,4,Theni,3223.61,2839.03,2472.63,2934.45,0.136,0.304,0.098
2026,6,June,4,Thiruchirappalli,3538.55,3251.84,2734.34,3551.94,0.088,0.294,-0.004
2026,6,June,4,Thirunelveli,3135.86,2814.81,2267.72,2866.95,0.114,0.383,0.094
2026,6,June,4,Thirupathur,3090.39,2644.58,2391.93,2979.02,0.169,0.292,0.037
2026,6,June,4,Thirupur,2769.0,2708.35,2535.91,2806.39,0.022,0.092,-0.013
2026,6,June,4,Thiruvannamalai,2837.8,2773.81,2279.79,3020.22,0.023,0.245,-0.06
2026,6,June,4,Thiruvarur,3690.72,3458.73,3274.3,3793.04,0.067,0.127,-0.027
2026,6,June,4,Thiruvellore,3133.81,3000.0,2974.12,3052.87,0.045,0.054,0.026
2026,6,June,4,Tuticorin,3534.03,3349.34,3178.57,3085.37,0.055,0.112,0.145
2026,6,June,4,Vellore,3260.15,2825.4,2396.9,2879.64,0.154,0.36,0.132
2026,6,June,4,Villupuram,3194.21,3041.53,2483.74,3157.03,0.05,0.286,0.012
2026,6,June,4,Virudhunagar,3245.55,2928.76,2448.39,3244.39,0.108,0.326,
2026,7,July,1,Ariyalur,3455.79,3264.86,2506.91,3411.52,0.058,0.379,0.013
2026,7,July,1,Chengalpattu,3303.49,3115.01,3033.92,2974.64,0.06,0.089,0.111
2026,7,July,1,Coimbatore,3210.57,2856.2,2381.49,2641.28,0.124,0.348,0.216
2026,7,July,1,Cuddalore,3332.62,2861.55,2551.28,3207.67,0.165,0.306,0.039
2026,7,July,1,Dharmapuri,3524.61,3072.59,2685.34,3155.45,0.147,0.312,0.117
2026,7,July,1,Dindigul,3582.38,3180.7,2725.09,3429.0,0.126,0.315,0.045
2026,7,July,1,Erode,3680.33,3300.42,2777.33,2991.34,0.115,0.325,0.23
2026,7,July,1,Kallakuruchi,4008.09,3566.95,3297.7,3500.0,0.124,0.215,0.145
2026,7,July,1,Kancheepuram,3113.68,2618.73,2696.43,2984.2,0.189,0.155,0.043
2026,7,July,1,Karur,3698.11,3291.96,2731.42,3341.94,0.123,0.354,0.107
2026,7,July,1,Krishnagiri,3384.25,3262.47,2655.2,2943.79,0.037,0.275,0.15
2026,7,July,1,Madurai,3559.05,3184.29,2655.14,3304.79,0.118,0.34,0.077
2026,7,July,1,Nagapattinam,2800.75,2705.57,2778.19,2943.5,0.035,0.008,-0.048
2026,7,July,1,Nagercoil (Kannyiakumari),4352.9,3909.22,2985.11,3500.0,0.113,0.458,0.244
2026,7,July,1,Namakkal,3496.7,3006.82,2706.25,3551.37,0.163,0.292,-0.015
2026,7,July,1,Perambalur,4023.7,3847.75,3207.35,3501.64,0.046,0.254,0.149
2026,7,July,1,Pudukkottai,4005.66,3827.61,3528.24,3266.9,0.047,0.135,0.226
2026,7,July,1,Ramanathapuram,3982.43,4045.99,3897.04,3336.84,-0.016,0.022,0.194
2026,7,July,1,Ranipet,3391.59,2960.24,2411.21,3000.0,0.146,0.407,0.131
2026,7,July,1,Salem,3564.97,3320.54,3035.34,3604.76,0.074,0.174,-0.011
2026,7,July,1,Sivaganga,3591.82,3259.73,2840.03,3515.36,0.102,0.265,0.022
2026,7,July,1,Tenkasi,3146.06,3006.99,2926.56,3149.44,0.046,0.075,-0.001
2026,7,July,1,Thanjavur,3430.61,3199.96,2878.7,3376.75,0.072,0.192,0.016
2026,7,July,1,The Nilgiris,3737.68,3526.0,3108.07,3400.17,0.06,0.203,0.099
2026,7,July,1,Theni,3651.92,3223.61,2662.91,2811.72,0.133,0.371,0.299
2026,7,July,1,Thiruchirappalli,3756.2,3538.55,3060.06,3517.78,0.062,0.228,0.068
2026,7,July,1,Thirunelveli,3435.86,3135.86,2584.03,2820.03,0.096,0.33,0.218
2026,7,July,1,Thirupathur,3410.76,3090.39,2570.45,2942.36,0.104,0.327,0.159
2026,7,July,1,Thirupur,2858.41,2769.0,2654.94,2838.74,0.032,0.077,0.007
2026,7,July,1,Thiruvannamalai,3033.16,2837.8,2553.78,2901.22,0.069,0.188,0.045
2026,7,July,1,Thiruvarur,3823.8,3690.72,3454.42,3894.94,0.036,0.107,-0.018
2026,7,July,1,Thiruvellore,3361.97,3133.81,3041.84,3070.86,0.073,0.105,0.095
2026,7,July,1,Tuticorin,3892.86,3534.03,3244.81,3105.14,0.102,0.2,0.254
2026,7,July,1,Vellore,3599.19,3260.15,2556.34,2782.81,0.104,0.408,0.293
2026,7,July,1,Villupuram,3320.57,3194.21,2792.03,3152.68,0.04,0.189,0.053
2026,7,July,1,Virudhunagar,3263.28,3245.55,2721.22,3375.55,0.006,0.199,-0.033
2026,7,July,2,Ariyalur,3687.3,3455.79,2662.98,3566.57,0.067,0.385,0.034
2026,7,July,2,Chengalpattu,3665.93,3303.49,3129.78,2991.94,0.11,0.171,0.225
2026,7,July,2,Coimbatore,3469.26,3210.57,2499.88,2632.96,0.081,0.388,0.318
2026,7,July,2,Cuddalore,3593.36,3332.62,2624.34,3260.3,0.078,0.369,0.102
2026,7,July,2,Dharmapuri,3612.04,3524.61,2839.54,3105.78,0.025,0.272,0.163
2026,7,July,2,Dindigul,3946.7,3582.38,2854.05,3308.35,0.102,0.383,0.193
2026,7,July,2,Erode,3777.66,3680.33,2998.53,2971.62,0.026,0.26,0.271
2026,7,July,2,Kallakuruchi,4000.0,4008.09,3410.77,3500.0,-0.002,0.173,0.143
2026,7,July,2,Kancheepuram,3228.15,3113.68,2646.83,2855.3,0.037,0.22,0.131
2026,7,July,2,Karur,3702.13,3698.11,2775.54,3346.7,0.001,0.334,0.106
2026,7,July,2,Krishnagiri,3692.99,3384.25,2683.85,2934.95,0.091,0.376,0.258
2026,7,July,2,Madurai,4057.42,3559.05,2713.33,3155.04,0.14,0.495,0.286
2026,7,July,2,Nagapattinam,2702.6,2800.75,2751.89,3000.0,-0.035,-0.018,-0.099
2026,7,July,2,Nagercoil (Kannyiakumari),4563.99,4352.9,3487.9,3991.0,0.048,0.309,0.144
2026,7,July,2,Namakkal,3792.93,3496.7,2842.25,3512.18,0.085,0.335,0.08
2026,7,July,2,Perambalur,4193.1,4023.7,3300.0,3553.12,0.042,0.271,0.18
2026,7,July,2,Pudukkottai,4319.53,4005.66,3661.64,3262.39,0.078,0.18,0.324
2026,7,July,2,Ramanathapuram,4196.01,3982.43,3872.49,3248.25,0.054,0.083,0.292
2026,7,July,2,Ranipet,3728.7,3391.59,2676.87,2991.38,0.099,0.393,0.246
2026,7,July,2,Salem,3816.66,3564.97,3189.58,3567.08,0.071,0.197,0.07
2026,7,July,2,Sivaganga,4093.39,3591.82,2795.95,3409.9,0.14,0.464,0.2
2026,7,July,2,Tenkasi,3566.71,3146.06,2994.74,3028.86,0.134,0.191,0.178
2026,7,July,2,Thanjavur,3759.87,3430.61,3113.18,3394.33,0.096,0.208,0.108
2026,7,July,2,The Nilgiris,4072.36,3737.68,3029.43,3403.23,0.089,0.344,0.197
2026,7,July,2,Theni,3723.28,3651.92,2717.27,2831.1,0.019,0.37,0.315
2026,7,July,2,Thiruchirappalli,4066.18,3756.2,3080.61,3481.83,0.082,0.32,0.168
2026,7,July,2,Thirunelveli,3759.82,3435.86,2572.82,2800.0,0.094,0.461,0.343
2026,7,July,2,Thirupathur,3449.2,3410.76,2712.21,2961.42,0.011,0.272,0.165
2026,7,July,2,Thirupur,3293.95,2858.41,2840.39,2796.98,0.152,0.16,0.178
2026,7,July,2,Thiruvannamalai,3287.7,3033.16,2621.29,2914.03,0.084,0.254,0.128
2026,7,July,2,Thiruvarur,4186.58,3823.8,3569.95,3870.9,0.095,0.173,0.082
2026,7,July,2,Thiruvellore,3173.22,3361.97,3034.93,3140.7,-0.056,0.046,0.01
2026,7,July,2,Tuticorin,4113.33,3892.86,3298.42,3103.61,0.057,0.247,0.325
2026,7,July,2,Vellore,3770.93,3599.19,2699.86,2809.91,0.048,0.397,0.342
2026,7,July,2,Villupuram,3432.65,3320.57,2952.86,3138.17,0.034,0.162,0.094
2026,7,July,2,Virudhunagar,3570.12,3263.28,2796.19,3376.1,0.094,0.277,0.058
2026,7,July,3,Ariyalur,3698.54,3687.3,3101.23,3281.52,0.003,0.193,0.127
2026,7,July,3,Chengalpattu,3683.28,3665.93,3136.75,2986.84,0.005,0.174,0.233
2026,7,July,3,Coimbatore,3304.72,3469.26,2530.69,2570.26,-0.047,0.306,0.286
2026,7,July,3,Cuddalore,3706.37,3593.36,2620.72,3258.93,0.031,0.414,0.137
2026,7,July,3,Dharmapuri,3604.14,3612.04,2847.42,3120.2,-0.002,0.266,0.155
2026,7,July,3,Dindigul,3744.39,3946.7,2925.87,3270.88,-0.051,0.28,0.145
2026,7,July,3,Erode,3784.9,3777.66,3165.18,3003.69,0.002,0.196,0.26
2026,7,July,3,Kallakuruchi,4000.0,4000.0,3500.0,3500.0,,0.143,0.143
2026,7,July,3,Kancheepuram,3341.98,3228.15,2607.31,2808.08,0.035,0.282,0.19
2026,7,July,3,Karur,3688.91,3702.13,2863.07,3169.67,-0.004,0.288,0.164
2026,7,July,3,Krishnagiri,3542.13,3692.99,2827.61,2968.01,-0.041,0.253,0.193
2026,7,July,3,Madurai,4003.31,4057.42,2847.77,3148.28,-0.013,0.406,0.272
2026,7,July,3,Nagapattinam,2910.45,2702.6,2815.22,3028.88,0.077,0.034,-0.039
2026,7,July,3,Nagercoil (Kannyiakumari),4281.65,4563.99,3776.44,3646.55,-0.062,0.134,0.174
2026,7,July,3,Namakkal,3576.97,3792.93,2907.95,3478.42,-0.057,0.23,0.028
2026,7,July,3,Perambalur,4133.63,4193.1,3480.21,3412.5,-0.014,0.188,0.211
2026,7,July,3,Pudukkottai,4577.73,4319.53,3661.94,3261.51,0.06,0.25,0.404
2026,7,July,3,Ramanathapuram,4406.99,4196.01,4002.83,3502.87,0.05,0.101,0.258
2026,7,July,3,Ranipet,3471.06,3728.7,2722.55,2811.57,-0.069,0.275,0.235
2026,7,July,3,Salem,3830.24,3816.66,3187.54,3548.41,0.004,0.202,0.079
2026,7,July,3,Sivaganga,3835.77,4093.39,2932.87,3390.05,-0.063,0.308,0.132
2026,7,July,3,Tenkasi,3432.69,3566.71,2904.16,3051.18,-0.038,0.182,0.125
2026,7,July,3,Thanjavur,3916.47,3759.87,3152.31,3391.69,0.042,0.242,0.155
2026,7,July,3,The Nilgiris,4046.27,4072.36,3183.27,3290.93,-0.006,0.271,0.229
2026,7,July,3,Theni,3748.39,3723.28,2839.03,2832.68,0.007,0.32,0.323
2026,7,July,3,Thiruchirappalli,4003.19,4066.18,3251.84,3484.36,-0.016,0.231,0.149
2026,7,July,3,Thirunelveli,3544.11,3759.82,2814.81,2800.0,-0.057,0.259,0.266
2026,7,July,3,Thirupathur,3450.0,3449.2,2644.58,2838.55,,0.305,0.215
2026,7,July,3,Thirupur,3486.75,3293.95,2708.35,2773.74,0.058,0.287,0.257
2026,7,July,3,Thiruvannamalai,3568.86,3287.7,2773.81,2965.45,0.086,0.287,0.204
2026,7,July,3,Thiruvarur,4188.56,4186.58,3458.73,3551.2,0.001,0.211,0.179
2026,7,July,3,Thiruvellore,3255.74,3173.22,3000.0,3019.19,0.026,0.085,0.078
2026,7,July,3,Tuticorin,4236.42,4113.33,3349.34,3029.12,0.03,0.265,0.399
2026,7,July,3,Vellore,3833.13,3770.93,2825.4,2751.76,0.016,0.357,0.393
2026,7,July,3,Villupuram,3506.24,3432.65,3041.53,3179.87,0.021,0.153,0.103
2026,7,July,3,Virudhunagar,3644.04,3570.12,2928.76,3167.01,0.021,0.244,0.151
2026,7,July,4,Ariyalur,3750.0,3698.54,3264.86,3420.4,0.014,0.149,0.096
2026,7,July,4,Chengalpattu,3708.3,3683.28,3115.01,2974.25,0.007,0.191,0.247
2026,7,July,4,Coimbatore,3362.61,3304.72,2856.2,2547.94,0.018,0.177,0.32
2026,7,July,4,Cuddalore,3647.13,3706.37,2861.55,3265.68,-0.016,0.274,0.117
2026,7,July,4,Dharmapuri,3614.8,3604.14,3072.59,3046.45,0.003,0.176,0.187
2026,7,July,4,Dindigul,3659.74,3744.39,3180.7,3208.37,-0.023,0.151,0.141
2026,7,July,4,Erode,3845.82,3784.9,3300.42,3000.0,0.016,0.165,0.282
2026,7,July,4,Kallakuruchi,4000.0,4000.0,3566.95,3500.0,,0.121,0.143
2026,7,July,4,Kancheepuram,3469.55,3341.98,2618.73,2945.87,0.038,0.325,0.178
2026,7,July,4,Karur,3719.02,3688.91,3291.96,3018.33,0.008,0.13,0.232
2026,7,July,4,Krishnagiri,3551.83,3542.13,3262.47,2955.09,0.003,0.089,0.202
2026,7,July,4,Madurai,3864.61,4003.31,3184.29,3104.07,-0.035,0.214,0.245
2026,7,July,4,Nagapattinam,2774.93,2910.45,2705.57,3038.09,-0.047,0.026,-0.087
2026,7,July,4,Nagercoil (Kannyiakumari),4482.45,4281.65,3909.22,3500.0,0.047,0.147,0.281
2026,7,July,4,Namakkal,3656.91,3576.97,3006.82,3400.19,0.022,0.216,0.075
2026,7,July,4,Perambalur,4100.0,4133.63,3847.75,3495.87,-0.008,0.066,0.173
2026,7,July,4,Pudukkottai,4581.95,4577.73,3827.61,3219.95,0.001,0.197,0.423
2026,7,July,4,Ramanathapuram,4391.71,4406.99,4045.99,3241.94,-0.003,0.085,0.355
2026,7,July,4,Ranipet,3546.6,3471.06,2960.24,2773.18,0.022,0.198,0.279
2026,7,July,4,Salem,3781.76,3830.24,3320.54,3525.95,-0.013,0.139,0.073
2026,7,July,4,Sivaganga,3798.44,3835.77,3259.73,3394.52,-0.01,0.165,0.119
2026,7,July,4,Tenkasi,3502.49,3432.69,3006.99,3175.36,0.02,0.165,0.103
2026,7,July,4,Thanjavur,3914.17,3916.47,3199.96,3155.7,-0.001,0.223,0.24
2026,7,July,4,The Nilgiris,4143.55,4046.27,3526.0,3227.15,0.024,0.175,0.284
2026,7,July,4,Theni,3729.33,3748.39,3223.61,2887.26,-0.005,0.157,0.292
2026,7,July,4,Thiruchirappalli,3979.31,4003.19,3538.55,3486.46,-0.006,0.125,0.141
2026,7,July,4,Thirunelveli,3572.67,3544.11,3135.86,2768.34,0.008,0.139,0.291
2026,7,July,4,Thirupathur,3644.67,3450.0,3090.39,2737.23,0.056,0.179,0.331
2026,7,July,4,Thirupur,3520.79,3486.75,2769.0,2744.08,0.01,0.271,0.283
2026,7,July,4,Thiruvannamalai,3523.01,3568.86,2837.8,2935.37,-0.013,0.241,0.2
2026,7,July,4,Thiruvarur,3877.78,4188.56,3690.72,3545.07,-0.074,0.051,0.094
2026,7,July,4,Thiruvellore,3387.8,3255.74,3133.81,3031.44,0.041,0.081,0.118
2026,7,July,4,Tuticorin,4301.41,4236.42,3534.03,3031.88,0.015,0.217,0.419
2026,7,July,4,Vellore,3793.09,3833.13,3260.15,2670.6,-0.01,0.164,0.42
2026,7,July,4,Villupuram,3759.18,3506.24,3194.21,3051.82,0.072,0.177,0.232
2026,7,July,4,Virudhunagar,3714.21,3644.04,3245.55,2998.39,0.019,0.144,0.239
2026,8,August,1,Ariyalur,3743.24,3750.0,3455.79,3498.48,-0.002,0.083,0.07
2026,8,August,1,Chengalpattu,3696.81,3708.3,3303.49,2928.77,-0.003,0.119,0.262
2026,8,August,1,Coimbatore,3410.65,3362.61,3210.57,2540.38,0.014,0.062,0.343
2026,8,August,1,Cuddalore,3619.27,3647.13,3332.62,3114.86,-0.008,0.086,0.162
2026,8,August,1,Dharmapuri,3595.71,3614.8,3524.61,3034.97,-0.005,0.02,0.185
2026,8,August,1,Dindigul,3568.95,3659.74,3582.38,2999.67,-0.025,-0.004,0.19
2026,8,August,1,Erode,3870.31,3845.82,3680.33,3035.4,0.006,0.052,0.275
2026,8,August,1,Kallakuruchi,4000.0,4000.0,4008.09,3459.84,,-0.002,0.156
2026,8,August,1,Kancheepuram,3422.24,3469.55,3113.68,2886.7,-0.014,0.099,0.186
2026,8,August,1,Karur,3696.03,3719.02,3698.11,3000.0,-0.006,-0.001,0.232
2026,8,August,1,Krishnagiri,3562.39,3551.83,3384.25,2940.47,0.003,0.053,0.211
2026,8,August,1,Madurai,3907.61,3864.61,3559.05,3139.05,0.011,0.098,0.245
2026,8,August,1,Nagapattinam,2762.3,2774.93,2800.75,2956.19,-0.005,-0.014,-0.066
2026,8,August,1,Nagercoil (Kannyiakumari),4331.88,4482.45,4352.9,3500.0,-0.034,-0.005,0.238
2026,8,August,1,Namakkal,3794.63,3656.91,3496.7,3297.95,0.038,0.085,0.151
2026,8,August,1,Perambalur,4164.04,4100.0,4023.7,3317.31,0.016,0.035,0.255
2026,8,August,1,Pudukkottai,4585.69,4581.95,4005.66,2941.27,0.001,0.145,0.559
2026,8,August,1,Ramanathapuram,4377.2,4391.71,3982.43,3158.54,-0.003,0.099,0.386
2026,8,August,1,Ranipet,3473.09,3546.6,3391.59,2722.92,-0.021,0.024,0.276
2026,8,August,1,Salem,3782.52,3781.76,3564.97,3395.85,,0.061,0.114
2026,8,August,1,Sivaganga,3748.62,3798.44,3591.82,3401.93,-0.013,0.044,0.102
2026,8,August,1,Tenkasi,3563.5,3502.49,3146.06,3047.49,0.017,0.133,0.169
2026,8,August,1,Thanjavur,3965.58,3914.17,3430.61,3160.72,0.013,0.156,0.255
2026,8,August,1,The Nilgiris,4124.86,4143.55,3737.68,3131.42,-0.005,0.104,0.317
2026,8,August,1,Theni,3760.36,3729.33,3651.92,2796.26,0.008,0.03,0.345
2026,8,August,1,Thiruchirappalli,3899.97,3979.31,3756.2,3493.74,-0.02,0.038,0.116
2026,8,August,1,Thirunelveli,3539.85,3572.67,3435.86,2585.66,-0.009,0.03,0.369
2026,8,August,1,Thirupathur,3708.75,3644.67,3410.76,2736.51,0.018,0.087,0.355
2026,8,August,1,Thirupur,3507.13,3520.79,2858.41,2756.34,-0.004,0.227,0.272
2026,8,August,1,Thiruvannamalai,3576.01,3523.01,3033.16,3015.41,0.015,0.179,0.186
2026,8,August,1,Thiruvarur,4187.64,3877.78,3823.8,3487.15,0.08,0.095,0.201
2026,8,August,1,Thiruvellore,3486.9,3387.8,3361.97,3031.15,0.029,0.037,0.15
2026,8,August,1,Tuticorin,4324.47,4301.41,3892.86,3027.95,0.005,0.111,0.428
2026,8,August,1,Vellore,3782.4,3793.09,3599.19,2677.3,-0.003,0.051,0.413
2026,8,August,1,Villupuram,3764.41,3759.18,3320.57,3060.53,0.001,0.134,0.23
2026,8,August,1,Virudhunagar,3740.5,3714.21,3263.28,2857.64,0.007,0.146,0.309
2026,8,August,2,Ariyalur,3750.0,3743.24,3687.3,3423.39,0.002,0.017,0.095
2026,8,August,2,Chengalpattu,3807.93,3696.81,3665.93,2929.79,0.03,0.039,0.3
2026,8,August,2,Coimbatore,3544.83,3410.65,3469.26,2507.93,0.039,0.022,0.413
2026,8,August,2,Cuddalore,3679.5,3619.27,3593.36,3064.59,0.017,0.024,0.201
2026,8,August,2,Dharmapuri,3773.98,3595.71,3612.04,2933.31,0.05,0.045,0.287
2026,8,August,2,Dindigul,3605.04,3568.95,3946.7,2838.37,0.01,-0.087,0.27
2026,8,August,2,Erode,3911.14,3870.31,3777.66,2920.98,0.011,0.035,0.339
2026,8,August,2,Kallakuruchi,4080.44,4000.0,4000.0,3099.4,0.02,0.02,0.316
2026,8,August,2,Kancheepuram,3400.81,3422.24,3228.15,2856.7,-0.006,0.053,0.191
2026,8,August,2,Karur,3758.02,3696.03,3702.13,3000.0,0.017,0.015,0.253
2026,8,August,2,Krishnagiri,3636.61,3562.39,3692.99,2859.67,0.021,-0.015,0.272
2026,8,August,2,Madurai,4112.27,3907.61,4057.42,3154.75,0.052,0.014,0.304
2026,8,August,2,Nagapattinam,3049.3,2762.3,2702.6,3037.04,0.104,0.128,0.004
2026,8,August,2,Nagercoil (Kannyiakumari),4852.27,4331.88,4563.99,3500.0,0.12,0.063,0.386
2026,8,August,2,Namakkal,3877.97,3794.63,3792.93,3186.35,0.022,0.022,0.217
2026,8,August,2,Perambalur,4419.57,4164.04,4193.1,3359.52,0.061,0.054,0.316
2026,8,August,2,Pudukkottai,4677.7,4585.69,4319.53,3038.92,0.02,0.083,0.539
2026,8,August,2,Ramanathapuram,4385.75,4377.2,4196.01,3147.06,0.002,0.045,0.394
2026,8,August,2,Ranipet,3696.58,3473.09,3728.7,2645.02,0.064,-0.009,0.398
2026,8,August,2,Salem,3846.82,3782.52,3816.66,3002.19,0.017,0.008,0.281
2026,8,August,2,Sivaganga,3993.03,3748.62,4093.39,3281.49,0.065,-0.025,0.217
2026,8,August,2,Tenkasi,3593.8,3563.5,3566.71,3023.35,0.008,0.008,0.189
2026,8,August,2,Thanjavur,3980.18,3965.58,3759.87,3152.91,0.004,0.059,0.262
2026,8,August,2,The Nilgiris,4147.29,4124.86,4072.36,3103.66,0.005,0.018,0.336
2026,8,August,2,Theni,3811.37,3760.36,3723.28,2807.19,0.014,0.024,0.358
2026,8,August,2,Thiruchirappalli,4062.01,3899.97,4066.18,3478.1,0.042,-0.001,0.168
2026,8,August,2,Thirunelveli,3703.68,3539.85,3759.82,2621.0,0.046,-0.015,0.413
2026,8,August,2,Thirupathur,3778.41,3708.75,3449.2,2779.15,0.019,0.095,0.36
2026,8,August,2,Thirupur,3565.37,3507.13,3293.95,2699.19,0.017,0.082,0.321
2026,8,August,2,Thiruvannamalai,3787.82,3576.01,3287.7,2802.34,0.059,0.152,0.352
2026,8,August,2,Thiruvarur,4199.07,4187.64,4186.58,3719.83,0.003,0.003,0.129
2026,8,August,2,Thiruvellore,3605.43,3486.9,3173.22,3123.79,0.034,0.136,0.154
2026,8,August,2,Tuticorin,4281.9,4324.47,4113.33,3000.0,-0.01,0.041,0.427
2026,8,August,2,Vellore,3933.87,3782.4,3770.93,2667.97,0.04,0.043,0.475
2026,8,August,2,Villupuram,3840.42,3764.41,3432.65,2932.11,0.02,0.119,0.31
2026,8,August,2,Virudhunagar,3704.21,3740.5,3570.12,3015.82,-0.01,0.038,0.228
2026,8,August,3,Ariyalur,4107.44,3750.0,3698.54,3568.46,0.095,0.111,0.151
2026,8,August,3,Chengalpattu,4246.32,3807.93,3683.28,2938.08,0.115,0.153,0.445
2026,8,August,3,Coimbatore,4630.95,3544.83,3304.72,2711.8,0.306,0.401,0.708
2026,8,August,3,Cuddalore,4427.4,3679.5,3706.37,3003.01,0.203,0.194,0.474
2026,8,August,3,Dharmapuri,4880.0,3773.98,3604.14,3184.17,0.293,0.354,0.533
2026,8,August,3,Dindigul,4454.82,3605.04,3744.39,3199.05,0.236,0.19,0.392
2026,8,August,3,Erode,4725.5,3911.14,3784.9,3062.08,0.208,0.249,0.543
2026,8,August,3,Kallakuruchi,4935.57,4080.44,4000.0,3000.0,0.21,0.234,0.645
2026,8,August,3,Kancheepuram,3485.53,3400.81,3341.98,3037.9,0.025,0.043,0.147
2026,8,August,3,Karur,4864.31,3758.02,3688.91,3000.0,0.294,0.319,0.621
2026,8,August,3,Krishnagiri,5032.32,3636.61,3542.13,2939.62,0.384,0.421,0.712
2026,8,August,3,Madurai,4954.58,4112.27,4003.31,3248.07,0.205,0.238,0.525
2026,8,August,3,Nagapattinam,3612.48,3049.3,2910.45,3095.32,0.185,0.241,0.167
2026,8,August,3,Nagercoil (Kannyiakumari),5579.79,4852.27,4281.65,3632.78,0.15,0.303,0.536
2026,8,August,3,Namakkal,4768.41,3877.97,3576.97,3188.72,0.23,0.333,0.495
2026,8,August,3,Perambalur,5551.57,4419.57,4133.63,3531.82,0.256,0.343,0.572
2026,8,August,3,Pudukkottai,5198.29,4677.7,4577.73,3229.87,0.111,0.136,0.609
2026,8,August,3,Ramanathapuram,4859.33,4385.75,4406.99,3067.9,0.108,0.103,0.584
2026,8,August,3,Ranipet,4743.19,3696.58,3471.06,2821.71,0.283,0.366,0.681
2026,8,August,3,Salem,4807.23,3846.82,3830.24,3400.86,0.25,0.255,0.414
2026,8,August,3,Sivaganga,4744.28,3993.03,3835.77,3430.34,0.188,0.237,0.383
2026,8,August,3,Tenkasi,4383.62,3593.8,3432.69,3202.9,0.22,0.277,0.369
2026,8,August,3,Thanjavur,4766.83,3980.18,3916.47,3507.36,0.198,0.217,0.359
2026,8,August,3,The Nilgiris,4982.76,4147.29,4046.27,3365.91,0.201,0.231,0.48
2026,8,August,3,Theni,4637.15,3811.37,3748.39,2980.8,0.217,0.237,0.556
2026,8,August,3,Thiruchirappalli,4963.74,4062.01,4003.19,3572.62,0.222,0.24,0.389
2026,8,August,3,Thirunelveli,4875.44,3703.68,3544.11,2823.11,0.316,0.376,0.727
2026,8,August,3,Thirupathur,4526.12,3778.41,3450.0,2978.14,0.198,0.312,0.52
2026,8,August,3,Thirupur,4187.33,3565.37,3486.75,2703.52,0.174,0.201,0.549
2026,8,August,3,Thiruvannamalai,4458.84,3787.82,3568.86,2994.96,0.177,0.249,0.489
2026,8,August,3,Thiruvarur,4801.81,4199.07,4188.56,3728.71,0.143,0.146,0.288
2026,8,August,3,Thiruvellore,4453.21,3605.43,3255.74,3309.64,0.235,0.368,0.345
2026,8,August,3,Tuticorin,4785.36,4281.9,4236.42,3045.31,0.118,0.13,0.571
2026,8,August,3,Vellore,5082.42,3933.87,3833.13,2705.53,0.292,0.326,0.878
2026,8,August,3,Villupuram,4482.94,3840.42,3506.24,2922.91,0.167,0.279,0.534
2026,8,August,3,Virudhunagar,4610.63,3704.21,3644.04,3090.94,0.245,0.265,0.492
2026,8,August,4,Ariyalur,4240.62,4107.44,3750.0,3572.04,0.032,0.131,0.187
2026,8,August,4,Chengalpattu,5153.85,4246.32,3708.3,2970.03,0.214,0.39,0.735
2026,8,August,4,Coimbatore,5125.88,4630.95,3362.61,2696.31,0.107,0.524,0.901
2026,8,August,4,Cuddalore,5084.85,4427.4,3647.13,3215.95,0.148,0.394,0.581
2026,8,August,4,Dharmapuri,5391.78,4880.0,3614.8,3179.72,0.105,0.492,0.696
2026,8,August,4,Dindigul,5405.7,4454.82,3659.74,3295.41,0.213,0.477,0.64
2026,8,August,4,Erode,5352.68,4725.5,3845.82,3117.5,0.133,0.392,0.717
2026,8,August,4,Kallakuruchi,6000.0,4935.57,4000.0,2972.16,0.216,0.5,1.019
2026,8,August,4,Kancheepuram,4181.35,3485.53,3469.55,3689.6,0.2,0.205,0.133
2026,8,August,4,Karur,5465.09,4864.31,3719.02,3000.0,0.123,0.47,0.822
2026,8,August,4,Krishnagiri,5515.62,5032.32,3551.83,2969.06,0.096,0.553,0.858
2026,8,August,4,Madurai,5508.04,4954.58,3864.61,3222.47,0.112,0.425,0.709
2026,8,August,4,Nagapattinam,3952.56,3612.48,2774.93,3122.38,0.094,0.424,0.266
2026,8,August,4,Nagercoil (Kannyiakumari),6472.22,5579.79,4482.45,4000.0,0.16,0.444,0.618
2026,8,August,4,Namakkal,5443.17,4768.41,3656.91,3382.98,0.142,0.489,0.609
2026,8,August,4,Perambalur,6246.67,5551.57,4100.0,3500.0,0.125,0.524,0.785
2026,8,August,4,Pudukkottai,5978.66,5198.29,4581.95,3280.92,0.15,0.305,0.822
2026,8,August,4,Ramanathapuram,5000.0,4859.33,4391.71,3169.06,0.029,0.138,0.578
2026,8,August,4,Ranipet,5352.99,4743.19,3546.6,2905.72,0.129,0.509,0.842
2026,8,August,4,Salem,5671.9,4807.23,3781.76,3429.93,0.18,0.5,0.654
2026,8,August,4,Sivaganga,5605.37,4744.28,3798.44,3453.43,0.181,0.476,0.623
2026,8,August,4,Tenkasi,4738.28,4383.62,3502.49,3183.06,0.081,0.353,0.489
2026,8,August,4,Thanjavur,5537.61,4766.83,3914.17,3509.71,0.162,0.415,0.578
2026,8,August,4,The Nilgiris,5748.11,4982.76,4143.55,3345.67,0.154,0.387,0.718
2026,8,August,4,Theni,5453.67,4637.15,3729.33,2992.55,0.176,0.462,0.822
2026,8,August,4,Thiruchirappalli,5464.66,4963.74,3979.31,3555.67,0.101,0.373,0.537
2026,8,August,4,Thirunelveli,5135.78,4875.44,3572.67,2817.59,0.053,0.438,0.823
2026,8,August,4,Thirupathur,4887.25,4526.12,3644.67,3170.67,0.08,0.341,0.541
2026,8,August,4,Thirupur,4954.35,4187.33,3520.79,2794.3,0.183,0.407,0.773
2026,8,August,4,Thiruvannamalai,4889.06,4458.84,3523.01,3018.89,0.097,0.388,0.62
2026,8,August,4,Thiruvarur,5535.31,4801.81,3877.78,3723.95,0.153,0.427,0.486
2026,8,August,4,Thiruvellore,4938.72,4453.21,3387.8,3395.08,0.109,0.458,0.455
2026,8,August,4,Tuticorin,5355.0,4785.36,4301.41,3074.04,0.119,0.245,0.742
2026,8,August,4,Vellore,5612.25,5082.42,3793.09,2748.7,0.104,0.48,1.042
2026,8,August,4,Villupuram,4811.73,4482.94,3759.18,2970.16,0.073,0.28,0.62
2026,8,August,4,Virudhunagar,5346.53,4610.63,3714.21,3330.99,0.16,0.44,0.605
